-- phpMyAdmin SQL Dump
-- version 3.5.1
-- http://www.phpmyadmin.net
--
-- Хост: 127.0.0.1
-- Время создания: Апр 01 2017 г., 14:34
-- Версия сервера: 5.5.25
-- Версия PHP: 5.3.13

SET SQL_MODE="NO_AUTO_VALUE_ON_ZERO";
SET time_zone = "+00:00";


/*!40101 SET @OLD_CHARACTER_SET_CLIENT=@@CHARACTER_SET_CLIENT */;
/*!40101 SET @OLD_CHARACTER_SET_RESULTS=@@CHARACTER_SET_RESULTS */;
/*!40101 SET @OLD_COLLATION_CONNECTION=@@COLLATION_CONNECTION */;
/*!40101 SET NAMES utf8 */;

--
-- База данных: `assidi`
--

-- --------------------------------------------------------

--
-- Структура таблицы `beta`
--

CREATE TABLE IF NOT EXISTS `beta` (
  `betaId` int(11) NOT NULL AUTO_INCREMENT,
  `betaName` varchar(50) NOT NULL,
  PRIMARY KEY (`betaId`)
) ENGINE=InnoDB  DEFAULT CHARSET=utf8 AUTO_INCREMENT=7 ;

--
-- Дамп данных таблицы `beta`
--

INSERT INTO `beta` (`betaId`, `betaName`) VALUES
(1, 'Sige-vic'),
(2, 'Диана Шипилова'),
(3, 'Злая Ёлка'),
(4, 'Диана Верт'),
(5, 'Сова'),
(6, 'Black Tiger');

-- --------------------------------------------------------

--
-- Структура таблицы `blog`
--

CREATE TABLE IF NOT EXISTS `blog` (
  `postId` int(11) NOT NULL AUTO_INCREMENT,
  `title` varchar(250) NOT NULL,
  `date` int(11) NOT NULL,
  `text` text NOT NULL,
  PRIMARY KEY (`postId`)
) ENGINE=InnoDB  DEFAULT CHARSET=utf8 AUTO_INCREMENT=13 ;

--
-- Дамп данных таблицы `blog`
--

INSERT INTO `blog` (`postId`, `title`, `date`, `text`) VALUES
(1, 'Первая запись', 1489163708, 'Это первая пробная запись блога. Пока что я не имею представления, как ставить сюда метки и можно ли их ставить сразу. Лучше, конечно сразу, потому что во всех блогах так и делают. '),
(4, 'Еще проба', 1489175829, 'Не могу понять, что там происходит с тэгами, почему они не записываются.'),
(7, 'Еще запись', 1489345120, 'Надо сделать запись из нескольких строк. А по-хорошему, надо будет в списке выводить первую фразу, или же первые две фразы из поста. Пост может быть длинным и незачем его целиком выводить в списке. \r\nСкорее всего, я буду писать длинные посты, и не так часто. Это будет что-то типа статей. Интересно, мне лучше ставить там форматирование абзацами, или же оставит переводы строк? \r\nТак есть перевод строк или нет? \r\nА вот так? \r\nИ еще одна строка.\r\nПобольше текста можно сделать :) \r\nУ меня получилось обрезать часть строки не посередине слова, правда, я не уверена, что сделала это наиболее оптимальным способом.'),
(9, 'Еще одна проба', 1489516320, 'Скоро я сама запутаюсь в этих моделях, их слишком много :) Надо было делать, что попроще. '),
(10, 'Что надо сделать', 1490201566, '1. При создании блога слишком разъехались чекбоксы. При создании фанфика я как-то с этим справилась. Надо и тут справиться. \r\n2. Если в админское меню добавить еще пару пунктов, оно поедет черт-те куда. Надо с ним что-то сделать. \r\n3. Главная страница и страница "Обо мне" - пора ими заняться. \r\n4. Галерея. Там будет всего две таблицы - рисунки и разделы. Один рисунок принадлежит к одному разделу. \r\n5. Подумать, не добавить ли что в поиск текстов, например, по названию \r\n6. Капчу добавить в комментарии к фикам и к постам блога'),
(11, 'Прогресс есть', 1490286755, 'Ну что, капчу победили. Чекбоксы тоже победили, там дело было в стилях. \r\nОсталось: \r\n- админское меню\r\n- главная страница и страница обо мне\r\n- адаптация под мобильные устройства\r\n- галерея\r\nИ что делать с поиском текстов?'),
(12, 'Очередное', 1490726995, 'Галерея сделана. Даже с фансибоксом. Но пока что без автоматического создания превьюшек. \r\nА теперь включаем мозг и думаем, что еще надо... А то мозг как-то выключился и дальше работать не хочет, похоже, я уже устала от этого проекта. \r\nЕго еще наполнять надо... а я с движком затянула. \r\nВот что еще надо - новости на главное странице. Не знаю, как лучше - сделать под них таблицу в базе или же вручную вбивать? Последние тексты и последняя запись в блоге могут автоматичеки выводится, а новость от меня можно и вручную... Но поскольку я тот еще Плюшкин, мне же будет жалко ее затирать! ');

-- --------------------------------------------------------

--
-- Структура таблицы `blog_comments`
--

CREATE TABLE IF NOT EXISTS `blog_comments` (
  `commentId` int(11) NOT NULL AUTO_INCREMENT,
  `postId` int(11) NOT NULL,
  `name` varchar(50) NOT NULL,
  `email` varchar(50) NOT NULL,
  `date` int(11) NOT NULL,
  `text` text NOT NULL,
  PRIMARY KEY (`commentId`),
  KEY `postId` (`postId`)
) ENGINE=InnoDB  DEFAULT CHARSET=utf8 AUTO_INCREMENT=5 ;

--
-- Дамп данных таблицы `blog_comments`
--

INSERT INTO `blog_comments` (`commentId`, `postId`, `name`, `email`, `date`, `text`) VALUES
(1, 9, 'Ассиди', 'assidi@mail.ru', 1490198787, 'Это пробный комментарий, введенный вручную в базу. Пока через сайт они не вводятся, а надо посмотреть, как они выводятся хотя бы.'),
(2, 9, 'Ассиди', 'assidi@mail.ru', 1490201155, 'Еще один пробный комментарий.'),
(3, 9, 'Ассиди', 'assidi@mail.ru', 1490201200, 'Ура! Заработало!!!'),
(4, 10, 'Ассиди', 'assidi@mail.ru', 1490284944, 'Ну как, заработает ли капча?');

-- --------------------------------------------------------

--
-- Структура таблицы `blog_tags`
--

CREATE TABLE IF NOT EXISTS `blog_tags` (
  `tagId` int(11) NOT NULL AUTO_INCREMENT,
  `tagName` varchar(250) NOT NULL,
  PRIMARY KEY (`tagId`)
) ENGINE=InnoDB  DEFAULT CHARSET=utf8 AUTO_INCREMENT=5 ;

--
-- Дамп данных таблицы `blog_tags`
--

INSERT INTO `blog_tags` (`tagId`, `tagName`) VALUES
(1, 'Техническое'),
(2, 'Новости сайта'),
(3, 'Фандом'),
(4, 'Личное');

-- --------------------------------------------------------

--
-- Структура таблицы `categories`
--

CREATE TABLE IF NOT EXISTS `categories` (
  `id` int(11) NOT NULL AUTO_INCREMENT,
  `name` varchar(100) NOT NULL,
  PRIMARY KEY (`id`)
) ENGINE=InnoDB  DEFAULT CHARSET=utf8 AUTO_INCREMENT=5 ;

--
-- Дамп данных таблицы `categories`
--

INSERT INTO `categories` (`id`, `name`) VALUES
(1, 'Арда'),
(2, 'Роспись по дереву'),
(3, 'Санкт-Петербург'),
(4, 'Мир Гарри Поттера');

-- --------------------------------------------------------

--
-- Структура таблицы `characters`
--

CREATE TABLE IF NOT EXISTS `characters` (
  `characterId` int(11) NOT NULL AUTO_INCREMENT,
  `characterName` varchar(255) NOT NULL,
  `fandomId` int(11) NOT NULL,
  PRIMARY KEY (`characterId`),
  KEY `fandom-id` (`fandomId`),
  KEY `fandom-id_2` (`fandomId`),
  KEY `fandom-id_3` (`fandomId`),
  KEY `fandom-id_4` (`fandomId`),
  KEY `fandom-id_5` (`fandomId`)
) ENGINE=InnoDB  DEFAULT CHARSET=utf8 AUTO_INCREMENT=32 ;

--
-- Дамп данных таблицы `characters`
--

INSERT INTO `characters` (`characterId`, `characterName`, `fandomId`) VALUES
(1, 'Беллатрикс Лестранж', 1),
(2, 'Барти Крауч-младший', 1),
(3, 'Барти Крауч-старший', 1),
(4, 'Эйлин Принц', 1),
(5, 'Фулгрим', 3),
(6, 'Лоргар', 3),
(7, 'Мелькор', 2),
(8, 'Джон Сноу', 8),
(9, 'Финрод', 2),
(10, 'Лютиэн', 2),
(11, 'Даэрон', 2),
(12, 'Маэдрос', 2),
(13, 'Фингон', 2),
(14, 'Альфард Блэк', 1),
(15, 'Северус Снейп', 1),
(16, 'Тингол', 2),
(17, 'Валбурга Блэк', 1),
(18, 'Орион Блэк', 1),
(19, 'Сигнус Блэк', 1),
(20, 'Волдеморт', 1),
(21, 'Регулус Блэк', 1),
(22, 'Эреб', 3),
(23, 'Рудольфус Лестранж', 1),
(24, 'Вика', 5),
(25, 'Гарри Поттер', 1),
(26, 'Рон Уизли', 1),
(27, 'Берен', 2),
(28, 'Ян Вэнли', 15),
(30, 'Райнхард фон Лоэнграмм', 15),
(31, 'Сэм Тарли', 8);

-- --------------------------------------------------------

--
-- Структура таблицы `characters_fanfics`
--

CREATE TABLE IF NOT EXISTS `characters_fanfics` (
  `charfanId` int(11) NOT NULL AUTO_INCREMENT,
  `fanficId` int(11) NOT NULL,
  `characterId` int(11) NOT NULL,
  PRIMARY KEY (`charfanId`),
  KEY `fanfic-id` (`fanficId`),
  KEY `character-id` (`characterId`)
) ENGINE=InnoDB  DEFAULT CHARSET=utf8 AUTO_INCREMENT=22 ;

--
-- Дамп данных таблицы `characters_fanfics`
--

INSERT INTO `characters_fanfics` (`charfanId`, `fanficId`, `characterId`) VALUES
(1, 2, 17),
(2, 2, 18),
(3, 2, 20),
(4, 2, 21),
(5, 5, 1),
(6, 5, 2),
(7, 5, 23),
(8, 6, 1),
(9, 6, 23),
(10, 10, 12),
(11, 10, 13),
(13, 14, 26),
(14, 17, 27),
(15, 17, 10),
(16, 19, 15),
(19, 19, 30),
(20, 19, 28),
(21, 14, 25);

-- --------------------------------------------------------

--
-- Структура таблицы `coauthor`
--

CREATE TABLE IF NOT EXISTS `coauthor` (
  `coauthorId` int(11) NOT NULL AUTO_INCREMENT,
  `coauthorName` varchar(50) NOT NULL,
  PRIMARY KEY (`coauthorId`)
) ENGINE=InnoDB  DEFAULT CHARSET=utf8 COMMENT='Имена соавторов' AUTO_INCREMENT=4 ;

--
-- Дамп данных таблицы `coauthor`
--

INSERT INTO `coauthor` (`coauthorId`, `coauthorName`) VALUES
(1, 'Злая Ёлка'),
(2, 'Ристе'),
(3, 'Black Tiger');

-- --------------------------------------------------------

--
-- Структура таблицы `comments`
--

CREATE TABLE IF NOT EXISTS `comments` (
  `commentId` int(11) NOT NULL AUTO_INCREMENT,
  `fanficId` int(11) NOT NULL,
  `name` varchar(50) NOT NULL,
  `email` varchar(50) NOT NULL,
  `date` int(11) NOT NULL,
  `text` varchar(1000) NOT NULL,
  PRIMARY KEY (`commentId`),
  KEY `fanficId` (`fanficId`),
  KEY `fanficId_2` (`fanficId`),
  KEY `fanficId_3` (`fanficId`)
) ENGINE=InnoDB  DEFAULT CHARSET=utf8 AUTO_INCREMENT=19 ;

--
-- Дамп данных таблицы `comments`
--

INSERT INTO `comments` (`commentId`, `fanficId`, `name`, `email`, `date`, `text`) VALUES
(2, 8, 'Ассиди', 'assidi@mail.ru', 1482430659, 'Еще раз пробуем, как введется дата.'),
(4, 8, 'Ассиди', 'assidi@mail.ru', 1482431821, 'И опять дата у нас на час позже?'),
(5, 8, 'Ассиди', 'assidi@mail.ru', 1482507411, 'А вот теперь попробуем комментарий из двух строк.\r\nВот вторая строка.'),
(6, 8, 'Ассиди', 'assidi@mail.ru', 1482507618, 'Ну что, вроде работает :)'),
(9, 8, 'Ассиди', 'assidi@mail.ru', 1482600861, 'Что у нас с датой в итоге?'),
(10, 8, 'Ассиди', 'assidi@mail.ru', 1488817391, 'Тестовый комментарий!'),
(11, 8, 'Ассиди', 'assidi@mail.ru', 1488817511, 'Тестовый комментарий!'),
(12, 8, 'Ассиди', 'assidi@mail.ru', 1488818325, 'Еще один комментарий!'),
(13, 19, 'Ассиди', 'assidi@mail.ru', 1488892503, 'Ну-с, посмотрим, как здесь оставляются комментарии'),
(15, 19, 'Ассиди', 'assidi@mail.ru', 1488993969, 'Это я ввожу комментарий от гостя'),
(16, 19, 'Ассиди', 'assidi@mail.ru', 1489072765, 'Текст комментария'),
(17, 19, 'Ассиди', 'assidi@mail.ru', 1489507384, '<b>Попробуем с тэгами ввести комментарий</b>'),
(18, 19, 'Ассиди', 'assidi@mail.ru', 1490285317, 'Посмотрим и здесь, заработает ли капча.');

-- --------------------------------------------------------

--
-- Структура таблицы `fandoms`
--

CREATE TABLE IF NOT EXISTS `fandoms` (
  `fandomId` int(11) NOT NULL AUTO_INCREMENT,
  `fandomName` varchar(255) NOT NULL,
  PRIMARY KEY (`fandomId`),
  UNIQUE KEY `fandom-id` (`fandomId`)
) ENGINE=InnoDB  DEFAULT CHARSET=utf8 COMMENT='Названия фандомов для фиков' AUTO_INCREMENT=16 ;

--
-- Дамп данных таблицы `fandoms`
--

INSERT INTO `fandoms` (`fandomId`, `fandomName`) VALUES
(1, 'Дж. Роулинг «Гарри Поттер»'),
(2, 'Дж.Р.Р.Толкин «Арда и Средиземье»'),
(3, 'Warhammer 40.000'),
(4, 'Ориджинал'),
(5, 'Миллвер-Оакс'),
(6, 'Н. Васильева, Н. Некрасова «Черная Книга Арды»'),
(8, 'Дж. Мартин «Песнь льда и пламени»'),
(12, 'Ролевики, толкинисты, фанфикеры'),
(13, 'Сейлор Мун'),
(14, 'Трансформеры'),
(15, 'Легенда о героях Галактики');

-- --------------------------------------------------------

--
-- Структура таблицы `fandoms_fanfics`
--

CREATE TABLE IF NOT EXISTS `fandoms_fanfics` (
  `fanfanId` int(11) NOT NULL AUTO_INCREMENT,
  `fanficId` int(11) NOT NULL,
  `fandomId` int(11) NOT NULL,
  PRIMARY KEY (`fanfanId`),
  KEY `fanficId` (`fanficId`),
  KEY `fandomId` (`fandomId`)
) ENGINE=InnoDB  DEFAULT CHARSET=utf8 COMMENT='Соответствие фанфика и фандома' AUTO_INCREMENT=27 ;

--
-- Дамп данных таблицы `fandoms_fanfics`
--

INSERT INTO `fandoms_fanfics` (`fanfanId`, `fanficId`, `fandomId`) VALUES
(1, 1, 2),
(2, 2, 1),
(3, 3, 4),
(4, 4, 4),
(5, 5, 1),
(6, 6, 1),
(7, 7, 4),
(8, 8, 4),
(9, 9, 4),
(10, 10, 2),
(11, 11, 4),
(12, 12, 4),
(13, 13, 4),
(14, 14, 1),
(15, 15, 4),
(16, 16, 4),
(17, 17, 2),
(18, 18, 12),
(19, 19, 1),
(21, 19, 15),
(24, 20, 4),
(25, 21, 4),
(26, 22, 12);

-- --------------------------------------------------------

--
-- Структура таблицы `fanf`
--

CREATE TABLE IF NOT EXISTS `fanf` (
  `ficId` int(11) NOT NULL AUTO_INCREMENT,
  `title` varchar(100) NOT NULL,
  `dateWrite` date NOT NULL,
  `datePublish` int(10) NOT NULL,
  `raiting` varchar(10) NOT NULL,
  `pairing` varchar(200) NOT NULL,
  `summary` varchar(500) NOT NULL,
  `note` varchar(500) DEFAULT NULL,
  `dedication` varchar(500) DEFAULT NULL,
  `size` int(11) NOT NULL,
  `beta` int(11) DEFAULT NULL,
  `coauthor` int(11) DEFAULT NULL,
  `category` varchar(10) NOT NULL,
  `text` longtext NOT NULL,
  PRIMARY KEY (`ficId`),
  KEY `beta` (`beta`),
  KEY `coauthor` (`coauthor`),
  KEY `beta_2` (`beta`),
  KEY `coauthor_2` (`coauthor`)
) ENGINE=InnoDB  DEFAULT CHARSET=utf8 AUTO_INCREMENT=23 ;

--
-- Дамп данных таблицы `fanf`
--

INSERT INTO `fanf` (`ficId`, `title`, `dateWrite`, `datePublish`, `raiting`, `pairing`, `summary`, `note`, `dedication`, `size`, `beta`, `coauthor`, `category`, `text`) VALUES
(1, 'Белка', '2002-03-26', 1481211380, 'G', 'Одна синдэ и двое нолдор', 'Накануне Мэрет Адэртад одна любопытная синдэ становится свидетелем разговора двух нолдор. Синдэ не понимает о чем они говорят, но услышанное ей не очень нравится.', '', '', 10668, NULL, NULL, 'Джен', '<p class="epigraf">Вскоре, однако, поползли шепотки среди синдаров о делах нолдоров до их прихода в Белерианд. Очевидно, откуда исходили он, и лихая правда оказалась раздута и отравлена ложью; но синдары были еще доверчивы и беспечны, и (как можно догадаться) Моргот именно их избрал для своих первых злобных нападок, ибо они еще не знали его.</p>\r\n<p class="epigraf-author">«Квэнта Сильмариллион»</p>\r\n<p>— Гваэрин!</p>\r\n<p>Эльф, едущий медленным шагом вдоль опушки леса, резко остановился. Конь недовольно оглянулся — ну что еще такое, почему спокойно пройти не дают?</p>\r\n<p>— Хэлворн, ты? </p>\r\n<p>Разве не удивительно — встретить старого друга именно в тот момент, когда ты думаешь именно о нем? И еще сомневаешься — хочешь ты сейчас видеть его или нет? </p>\r\n<p>— А ты кого ожидал увидеть? Тварь Моргота?</p>\r\n<p>— Я думаю, вы не пускаете их сюда через горы. Как странно — я только что думал о тебе. Давай сядем, передохнем немного. </p>\r\n<p>Эльфы расседлали коней, пустив их свободно пастись на полянке, а сами присели у корней большого вяза. </p>\r\n<p>— Я не знал, что тебя встречу, а то бы запасся получше, — сказал Хэлворн, вытаскивая из сумки съестные припасы.</p>\r\n<p>— Получше — это на пир для пятидесяти квэнди дней этак на десять? — улыбнулся Гваэрин. </p>\r\n<p>— Ты вовремя напомнил мне о пире! — спохватился Хэлворн. — Государь Финголфин хочет устроить всеобщий праздник и пригласить туда всех Квэнди Белерианда. Мы уже собирались посылать гонца к Маэдросу, я сам вызвался ехать...</p>\r\n<p>— Я могу ему передать, когда буду возвращаться. Собственно, я сам приехал с письмом от Маэдросу к Финголфину... </p>\r\n<p>Гваэрин замолчал, уделяя пристальное внимание вину в своей фляге. Сколько лет он не видел когда-то лучшего друга, и вот теперь встретились наедине, как мечталось когда-то... и не знают, о чем говорить. Надо было сразу пойти в лагерь Финголфина, но сразу почему-то он этого не сделал. А время шло быстро и незаметно и вот уже миновало почти двадцать лет, а он так и не собрался навестить старого друга. Сначала их разделяло озеро, потом — почти половина Белерианда... но разве расстояние — это помеха для истиной дружбы? Нет, дело не в расстоянии. Их разделяет совсем другое. Ибо они знают, что. И оба не хотят говорить об этом. </p>\r\n<p>Чуть слышный шорох раздался в ветвях старого дерева. Гваэрин насторожился.</p>\r\n<p>— Что это? </p>\r\n<p>— Не пугайся. Просто белка.</p>\r\n<p>«Ага, белка», — беззвучно рассмеялась девушка, уютно устроившаяся в развилке между ветвей. Лассэлин, синдэ из Дориата, по прозвищу Белочка, шла следом за Гваэрином от самых границ Огражденного Королевства, которое тот обошел с севера. Король Тингол почему-то не доверял пришельцам с Запада, и своим подданным наказал не искать с ними контактов, но кто остановит любопытного ребенка? Сказала, что идет к двоюродной сестре в Митрим... и даже сказала чистую правду — ведь она действительно идет в Митрим. И действительно к двоюродной сестре. А то что пришельцы из-за Моря тоже живут в Митриме — так это чисто случайное совпадение, будет она с ними общаться или не будет — какое до этого дело Тинголу? Увидев всадника в серебристо-черной одежде на великолепном гнедом коне, девушка, не раздумывая, пустилась за ним следом. Хорошо, он ехал медленно, так что бежать за ним труда особого не составило. Лассэлин еще не знала, будет она разговаривать с этим незнакомым эльфом или нет. Сестренка говорила, что у них свой, особый язык и даже специально для Лассэлин спела пару песен на этом языке. Песни понравились. Даже слова немножко запомнились. Но хватит ли этих слов, чтобы можно было достойно поговорить с пришельцем из-за Моря на его языке? Так Лассэлин и кралась за Гваэрином от самой границы, пока он не встретил старого друга, а потом проворно залезла на дерево и устроилась там. Уже целых два пришельца из-за Моря! Интересно, о чем они будут говорить и поймет ли она хоть что-нибудь?</p>\r\n<p>— Что же ты теперь, каждого шороха стал бояться?</p>\r\n<p>— У нас на северных границах и не того забоишься. Правда, в последнее время Враг затаился. Не знаю, насколько надолго...</p>\r\n<p>Они опять замолчали. Лассэлин, ухватившись двумя руками за толстую ветку, никак не могла понять, что же такое происходит между этими двумя эльфами. И представить нельзя, чтобы, допустим, они с сестренкой, встретившись после долгой разлуки, вот так сидели и молча смотрели друг на друга. Да они разговорятся так, что все птицы в округе замолкнут. Будут птички молча сидеть на ветках и удивленно взирать на двух девчонок, хохочущих на весь Дориат. Или на весь Митрим. А уж если они потом еще и петь начнут... Тут не только птицы, тут даже ветер умолкнет! </p>\r\n<p>— Гваэрин, хорошо, что ты приехал. Я хотел позвать тебя на свадьбу. </p>\r\n<p>— Чью? — не понял Нолдо.</p>\r\n<p>— Разумеется, на свою собственную. Она — из Сумеречных Эльфов Митрима. Знаешь, они похожи чем-то на наших Тэлери, но не совсем. Тэлери — как звезды над морем, а она — как первый весенний цветок, что пробуждается вместе с землей. Они называют такие цветы «нифредиль».</p>\r\n<p>— У меня нет времени задерживаться на чужих праздниках, — нарочито холодно сказал Гваэрин. — Ты же сам сказал, что хочешь отправить со мной весточку Маэдросу, так что я буду терять время?</p>\r\n<p>— Гваэрин, если ты считаешь, что я все забыл, ты ошибаешься, — по холодности тона Хэлворн, кажется, решил перещеголять собеседника. — По моей ли вине твоя невеста и моя сестра погибла на Вздыбленном Льду?</p>\r\n<p>— А ты считаешь, что по моей?</p>\r\n<p>— А кто позволил Феанаро сжечь корабли?</p>\r\n<p>— Ты считаешь, что можно было этого не позволить? Маэдрос сам просил отца послать корабли за вами, но он только рассмеялся в ответ. </p>\r\n<p>— А остальные что, побоялись?</p>\r\n<p>— Остальных Феанаро и слушать бы не стал! Ты что не помнишь, каким он тогда был?</p>\r\n<p>Лассэлин покрепче вцепилась в держащую ее ветку. Ну почему они ругаются? Так хорошо все начиналось! Что же — получается, что эти двое только и ждали момента, чтобы вцепиться в друг друга, как пес вцепляется в волка на охоте? Но ведь они же не враги, они друзья, это видно даже такому еще неискушенному в житейских делах созданию, как Лассэлин, так что же разрушает их дружбу? Что стоит между ними? Враги? Война? А разве эльфы сражаются не на одной стороне? Они говорили о смерти. Кто-то погиб? Кто-то, очень дорогой обоим? Но разве это причина, чтобы ссорится между собой? Девушке захотелось спрыгнуть с ветки, предстать перед пришельцами из-за Моря и сказать им что-нибудь доброе, утешительное. Или спеть. Если они не поймут слов — то песню они должны понять в любом случае! Понимает же она их песни!</p>\r\n<p>Что-то они говорили про корабли... Кто-то утонул на корабле? Или кто-то сгорел на корабле? Почему-то Лассэлин представилось белые паруса, корчащиеся в пламени... значит, был пожар и все корабли сгорели. Наверное, это сделали страшные огненные духи, которые служат Врагу. Но где здесь причина для ссоры? </p>\r\n<p>Почему-то Лассэлин была твердо уверена, что если она сейчас спустится с дерева и попросит эльфов объяснить ей, что случилось, они не скажут ни слова. И вовсе не потому, что она едва понимает их язык...</p>\r\n<p>— Почему же ты уплыл вместе с Феанаро? Почему не остался с нами? </p>\r\n<p>— Я был уверен, что мы вернемся! Маэдрос мне твердо обещал! Поэтому он и не позволил мне остаться, нас и так было не очень много! А я тогда и не знал, идешь ты с нами или нет, ведь вы шли по берегу, а мы плыли на кораблях. После Альквалондэ мы не могли вообще ни о чем думать!</p>\r\n<p>— Альквадондэ... — Хэлворн вздохнул. Вся его решимость и весь его пыл куда-то делся. — Простить себя за это не могу. То, что случилось позже — нам расплата...</p>\r\n<p>— Но ведь это мы начали, а не вы! Феанаро...</p>\r\n<p>— Феанаро сбросили бы в море, если бы не Фингон! Будь я проклят, если мы тогда хоть чуточку понимали, что происходит! Мы думали — Валар хотят помешать нам уйти. Я ничего не видел перед собой, помню, как Финдекано кричал «Вперед! Поможем нашим братьям!», а дальше ничего не помню. Финарфин шел в самом хвосте колонны, он не принимал никакого участия. Если бы мы хоть могли остановиться и подумать! </p>\r\n<p>— А Финголфин?</p>\r\n<p>— А Финголфин, как и Финарфин шел позади. Он ведь и пошел-то с нами исключительно из-за сыновей. </p>\r\n<p>— А ты зачем пошел?</p>\r\n<p>Хэлворн долго молчал, прежде чем ответить. </p>\r\n<p>— Если я скажу — за Фингоном, это будет не вся правда. За ним — да, но в большей степени — за тобой. </p>\r\n<p>— Ты пошел за мной, а я...</p>\r\n<p>Гваэрин не закончил фразы. Зачем, если все ясно и без слов? Друг пошел за ним, а он предал друга, обрек на гибель его сестру и свою невесту, и когда они достигли того, к чему стремились, оно оказывается уже не нужным. Сколько они говорили о грядущих великих делах на просторах Эндор! И вот — Эндор лежит пред ними, а они за двадцать лет ни разу не встретились и не поговорили друг с другом. Но ведь и Маэдрос с тех пор, как они обосновались на Химринг ни разу не изъявил желания съездить к Фингону... </p>\r\n<p>Почему они опять замолчали? Ласселин переменила позу, перейдя из полулежачего состояния в сидячее. Может все-таки спрыгнуть с дерева? Только что они о чем-то оживленно спорили — и опять замолчали надолго, делая вид, что ничего интересней хлеба и вина на свете не существует. Странное молчание. Мертвое. И страшное. С ними, наверное, произошло что-то страшное, что они не хотят вспоминать? А может быть... Что за нелепая мысль! Может быть, они сами совершили что-то страшное?.. Когда приходит беда, ты делаешь все возможное, чтобы спасти друга. Но если беда пришла, а ты не сумел или не захотел его спасти — сможешь ли ты после этого смотреть в глаза другу? Не станешь ли его избегать? </p>\r\n<p>Может быть, эта беда связана со сгоревшими кораблями?.. Когда эльфы прибыли из-за моря на кораблях, на них напали огненные духи... Ласселин почувствовала, что ее кидает в дрожь. А почему тогда сестренка говорила, что пришельцы из-за Моря пришли с Севера по вечным льдам, куда не забирались даже самые бесшабашные искатели приключений? Непонятно. И почему-то страшно. Почему ей страшно — ведь ее-то дело нисколько не касается?</p>\r\n<p>— Хэлворн, прости меня. Я не должен был об этом говорить. Я не должен был об этом вспоминать. </p>\r\n<p>— Если бы было возможно не вспоминать, — отозвался Хэлворн. — Это ты меня прости. Ну что, поедем в Хитлум?</p>\r\n<p>Ей с ними, кажется, даже по пути. Но она не будет за ними следовать. Она пойдет в Митрим потихоньку, не спеша, не пропуская лесных речек и земляничных полянок. А потом они с сестренкой и ее отцом, братом матери Лассэлин, подумают, что же такого страшного произошло с пришельцами из-за Моря. К тому времени, может, ее и язык их понимать научат. И все-таки — почему ей стало страшно? Сможет она когда-нибудь это понять или нет?</p>\r\n<p>Гваэрин поднял голову. </p>\r\n<p>— Я опять слышу шорох... Тебе не кажется, что здесь кто-то есть? </p>\r\n<p>— Кто здесь может быть? — пожал плечами Хэлворн. — Просто белка. Их много водится в здешних лесах.</p>\r\n<p>— Белка, — пробормотал Гваэрин, садясь в седло, — просто белка. А мне показалось — кто-то плачет...</p>\r\n '),
(2, 'Есть дамы в английских поместьях', '2007-08-12', 1481214580, 'G', 'Валбурга и ее семейство', 'C Валбургой Блэк лучше не связываться. Даже Волдеморту.', '', '', 12812, 6, NULL, 'Джен', '<p>В один совершенно обычный день совершенно обычного года семейство Блэк, как всегда, собралось в столовой. Этот обед ничем не выделялся из множества других обычных обедов, даже отсутствием Сириуса — о непутевом старшем сыне за два года уже успели забыть. Зато образцовый младший сын, приехавший на каникулы перед своим последним годом обучения, был здесь. Как всегда, безупречно причесанный, одетый в чисто выглаженную мантию, разве что немного бледнее обычного и чуть-чуть взволнованный. Но привыкшие к размеренному течению жизни Валбурга и Орион этого не замечали. </p>\r\n<p>Все было как обычно. Не хватало только одного — еды. Почему-то никто не спешил подавать на стол, хотя давно уже было пора. </p>\r\n<p>— Кричер! — Валбурга легонько стукнула рукой по столу. </p>\r\n<p>Никто не отозвался, хотя на этот тихий окрик эльф должен был прибежать мгновенно. </p>\r\n<p>— Кричер! — повторила Валбурга чуть громче. </p>\r\n<p>Орион с опаской посмотрел на жену. Регулус побледнел так, что это стало уже заметно. </p>\r\n<p>— Куда запропастился этот негодный эльф? — сердито спросила Валбурга и еще раз стукнула по столу. </p>\r\n<p>Орион зажмурился. Регулус тоскливо посмотрел под стол, прикидывая, можно ли там спрятаться. </p>\r\n<p>— Я вас спрашиваю! — повысила голос Валбурга.</p>\r\n<p>Орион очнулся:</p>\r\n<p>— Дорогая, не волнуйся, сейчас он подаст обед. </p>\r\n<p>— Сходи и проверь! — не признающим возражений тоном приказала Валбурга. </p>\r\n<p>Пока Ориона не было, Регулус упорно смотрел в пол, а его лицо уже сравнялось цветом со скатертью. Но Валбурга не обратила внимания на сына, поглощенная ожиданием мужа. </p>\r\n<p>— Ну, что? </p>\r\n<p>— Дорогая, — запинаясь, проговорил Орион, —  на кухне его нет. И вообще в доме нет...</p>\r\n<p>— А обед?</p>\r\n<p>— И обеда нет... — обреченно вымолвил Орион, опускаясь на стул. </p>\r\n<p>Валбурга выпрямилась во весь рост. </p>\r\n<p>— И вы собираетесь просто так сидеть, когда наш домовой эльф пропал неизвестно куда? </p>\r\n<p>— Но откуда я знаю, куда он пропал? — пробормотал Орион, вслед за сыном тоскливо глядя под стол. </p>\r\n<p>Регулус схватился руками за голову и посмотрел на мать глазами человека, приговоренного к поцелую дементора. </p>\r\n<p>— Ты что-то знаешь? — Валбурга тут же переключила все внимание на сына. </p>\r\n<p>Регулус собрался с силами и выпалил:</p>\r\n<p>— Темный Лорд попросил у меня эльфа для выполнения какого-то поручения... </p>\r\n<p>— И ты отдал ему нашего эльфа? — не предвещающим ничего хорошего голосом спросила Валбурга. </p>\r\n<p>Регулус тихо всхлипнул и кивнул. </p>\r\n<p>— Да как он смеет! — на щеках Валбурги появились красные пятна. — Нашего домашнего эльфа! Лучше бы Ориона позвал, все равно от него никакой пользы нет! </p>\r\n<p>— Мама, это же Темный Лорд, — робко проговорил Регулус. </p>\r\n<p>Но разошедшуюся Валбургу было уже не остановить. </p>\r\n<p> — Да какой он Темный Лорд! Мы с ним вместе в школе учились, он был на два курса меня младше! Я его непростительным заклятьям учила, книги по темной магии приносила из дома, а «Хоркруксы для чайников» он до сих пор не вернул! И он еще смеет забирать нашего домашнего эльфа перед обедом!  </p>\r\n<p>Теперь отец и сын смотрели под стол вместе. Орион с тоскою думал о палочке, оставшейся в кабинете. У Регулуса палочка по школьной привычке была с собой, но он не успел бы поставить щит даже невербальным заклинанием.  </p>\r\n<p>— Регулус! — голос матери вывел юношу из печальных размышлений. — Зови его сюда!</p>\r\n<p>— Кого? </p>\r\n<p>— Темного Лорда! </p>\r\n<p>— Но, мама... — Регулус от ужаса не мог сказать ничего больше.</p>\r\n<p>Валбурга была непреклонна.</p>\r\n<p>— Зови, кому говорят!  </p>\r\n<p>Юноша тяжело вздохнул, закатал рукав мантии, явив на свет изображение черепа со змеей, зажмурил глаза и коснулся метки указательным пальцем. От боли Регулус тихо застонал, но тут же оборвал стон. Орион рванулся было к сыну, но под пристальным взглядом жены остался на месте. </p>\r\n<p>Через несколько минут хлопнула дверь и в столовую вошел Лорд Волдеморт — еще более бледный, чем Регулус, в развевающейся темной мантии и с красными искрами в глазах. Он собирался что-то сказать, но Валбурга его опередила.</p>\r\n<p>— Томми! Где Кричер? </p>\r\n<p>Орион и Регулус, хорошо знавшие интонации своей жены и матери, в ужасе переглянулись. Темный Лорд в таких тонкостях не разбирался и поэтому не осознавал, что его ждет. </p>\r\n<p>— Кричер выполняет мое поручение... </p>\r\n<p>Волдеморт не привык, чтобы им командовали, поэтому ответ получился несколько неуверенным. </p>\r\n<p>— А почему это твое поручение должен выполнять наш домашний эльф? Ты, кажется, печешься о благе чистокровных волшебников, Томми? Тогда какое право ты имеешь оставлять их без обеда?!</p>\r\n<p>— Но, Валбурга... — начал было Темный Лорд но договорить ему не дали. </p>\r\n<p>— А ну, быстро отправляйся на кухню! </p>\r\n<p>— Зачем? </p>\r\n<p>— Сам приготовишь нам обед, раз Кричера отправил неизвестно куда. Быстро! </p>\r\n<p>Волшебная палочка Валбурги была направлена прямо на Волдеморта, а глаза ее метали искры не хуже, чем глаза самого Темного Лорда. И тому волей-неволей  пришлось покориться.</p>\r\n<p>Глядя на жену, конвоирующую Темного Лорда в кухню, Орион не сумел сдержать возгласа восхищения. Он любил сильных женщин, но предпочитал, чтобы эти женщины командовали не им, и теперь его мечта исполнилась. </p>\r\n<p>— Мой одноклассник Долохов, — прошептал Орион сыну, — говорил про таких, как Валбурга: «Есть женщины в русских селеньях…» </p>\r\n<p>— Как-как? — переспросил Регулус.</p>\r\n<p>— Ну,  по-английски  это будет приблизительно так: «Есть дамы в английских поместьях...». </p>\r\n<p>— Это русская поговорка? — спросил Регулус, немного осведомленный о странностях русских магов. </p>\r\n<p>— Это какое-то стихотворение. Целиком я его не помню, но там еще есть слова, — Орион процитировал,  с ходу переводя на английский магический:  «Метлу на лету остановит, в пещеру к дракону войдет!» </p>\r\n<p>— Точно, совсем про маму! — восхищенно произнес Регулус. </p>\r\n<p>Отец и сын переглянулись и, осторожно ступая по лестнице, направились вниз. Возле кухни они остановились и прильнули к щелочке между косяком и неплотно прикрытой дверью. </p>\r\n<p>Валбурга стояла на середине кухни, уперев одну руку в бок, а во второй держа волшебную палочку. Темный Лорд в растерянности застыл у шкафа с посудой, не зная с чего начать. </p>\r\n<p>— Ну, что стоишь? — с нескрываемым ехидством спросила миссис Блэк. — Кроме непростительных, никаких заклятий не знаешь? </p>\r\n<p>Волдеморт пробормотал что-то похожее на «Авада Кедавра», но вслух произнести заклятье не решился. </p>\r\n<p>— Ты так много шлялся неведомо где и хоть чему-нибудь полезному научился? Что ты умеешь готовить? </p>\r\n<p>— Овсянку... — растерянно пролепетал Темный Лорд. </p>\r\n<p>— Овсянку ешь сам! — отрезала Валбурга. — Ну, хоть мясо с овощами потушить способен? </p>\r\n<p>Волдеморт обреченно вздохнул. </p>\r\n<p>— Эх, не тому я взялась тебя учить! Надо было не с непростительных заклятий начинать, а с бытовых! А ну давай, повторяй за мной: «Акцио, котел!..» </p>\r\n<p>За дверью Орион и Регулус восхищенно переглядывались и беззвучно аплодировали. Вдруг Орион хлопнул себя по лбу и рванулся к лестнице.</p>\r\n<p>— Папа, ты куда? — удивленно спросил Регулус.</p>\r\n<p>— Сигнуса позову! — тихо ответил Орион. — Пусть тоже полюбуется! Ему Белла  только про Темного Лорда и говорит,  он уже не знает, куда деваться! Эх, жаль, — вздохнул он, — Альфарда нет, вот бы повеселился! </p>\r\n<p>Первая попытка овладения бытовыми заклинаниями оказалась неудачной — полный воды котел обрушился Волдеморту на голову. Мокрый с ног до головы Темный Лорд пробормотал какое-то ругательство на албанском, со страхом глядя на Валбургу. </p>\r\n<p>— Почему я за тебя все должна делать? — возмущенно произнесла миссис Блэк. — А еще Темный Лорд!</p>\r\n<p>— Но я достиг совершенства во многих областях магии! — попытался оправдаться Волдеморт.  </p>\r\n<p>— Во многих? — скептически спросила Валбурга. — Ну, в чем-то может и достиг, но в других областях, Томми, ты остаешься полным невежей! </p>\r\n<p>— Вэл... — начал было Темный Лорд, но продолжить ему не дали.</p>\r\n<p>— Я тебе не Вэл, а миссис Блэк! Эх, жаль, я за тебя замуж не вышла! Я бы тебя научила, как вести хозяйство в домах чистокровных волшебников!</p>\r\n<p>От подобной перспективы Волдеморту стало страшно. Он потянулся за ножом, не дотянулся и нож воткнулся в середину массивного деревянного стула. </p>\r\n<p>— Нет уж, Томми, рагу из стульев нам не нужно! И нечего портить мне мебель! Она, между прочим, фамильная! Я тебе что сказала — режь мясо! </p>\r\n<p>Число зрителей за кухонной дверью прибавилось — к отцу и сыну Блэк присоединился еще и младший брат Валбурги, Сигнус. Троюродные братья, затаив дыхание, следили за разворачивающейся на кухне сценой, покатываясь со смеха и хлопая друг друга по плечу. Выглядели при этом они не пятидесятилетними отцами семейств, а однокашниками Регулуса, чему сам Регулус был несказанно рад. За это он даже простил маме непочтительное отношение к Темному Лорду, тем более Лорд был сам виноват, отняв у них Кричера.  </p>\r\n<p>— Томми, резать мясо не сложнее, чем убивать маглов! Если ты не знаешь заклинаний, тогда режь вручную! </p>\r\n<p>«Убивать маглов было намного проще», — огрызнулся Темный Лорд, пытаясь вытащить нож, намертво застрявший в разделочной доске. Мясо резаться совсем не хотело и уворачивалось из-под ножа в ту самую секунду, когда тот  опускался на доску. </p>\r\n<p>— Да разве кто так режет?! — возмущалась Валбурга. — Это делается всего лишь одним заклинанием! Овощи резать тем же заклинанием, но на другой доске! </p>\r\n<p>С овощами у Волдеморта получалось еще хуже, чем с мясом — капустные листья осели у него на ушах, а когда он, разозлившись, слишком сильно взмахнул палочкой, кусок мяса шлепнулся прямо ему на голову, щедро окатив свежей кровью. </p>\r\n<p>— И ты еще был лучшим учеником Хогвартса? — насмешливо произнесла Валбурга. — Да любой грязнокровка справился бы с приготовлением обеда лучше тебя! </p>\r\n<p>Волдеморт поспешно вытер лицо рукавом мантии, стряхнул листья с ушей и принялся за дело. На этот раз он произнес заклинание так старательно, как будто собирался создавать еще один могущественный темный артефакт, а не просто резать овощи. И перестарался:  ножи заработали так резво, что от продуктов остались только мелкие ошметки, к тому же еще и разлетевшиеся по всей кухне, покрыв потолок замысловатым узором, в котором угадывались кольца свернувшейся змеи и зеленая молния из капустных листьев. </p>\r\n<p>Орион с Сигнусом схватились руками за животы. Перспектива умереть в пятьдесят лет от смеха их совсем не пугала и бросить такое зрелище они не могли.  </p>\r\n<p>— Томми! — голос Валбурги, казалось долетал до самых верхних этажей, так что Регулус зажал руками уши, а Орион с Сигнусом испуганно схватились друг за друга. — Ты что себе позволяешь? Ты хоть что-нибудь делать умеешь? </p>\r\n<p>— Хоркруксы... — растерянно проговорил Темный Лорд. </p>\r\n<p>— Хоркруксы я за обедом есть не буду! — категорически заявила Валбурга. — Хоть сандвичей приготовь, василиск недоделанный! </p>\r\n<p>Волдеморт покорно вскинул палочку и пробормотал заклинание, от которого из кухонного шкафа вылетела вся посуда, сделала круг по комнате и ровным слоем приземлилась на полу, столе и голове Волдеморта. Причем последнюю выбрала для посадки большая чугунная сковородка  с выгравированной по бокам змеей. Сдирая с себя сковородку, Темный Лорд выругался на парселтонге, отчего змея ожила и в ответ разразилась такой тирадой, что лицо Волдеморта приняло цвет его глаз. </p>\r\n<p>  Валбурга парселтонга не знала, но с украшением фамильной блэковской сковородки была вполне согласна.</p>\r\n<p>— Да какой ты Темный Лорд, если даже сэндвичи приготовить не способен! — заорала она. — А ну, вон из моего дома!  И чтобы ноги твоей тут не было! </p>\r\n<p>Волдеморту не надо было  повторять два раза  — он мгновенно вылетел из кухни, сшибив по дороге Ориона и Сигнуса. Через несколько секунд он уже был за пределами дома, и громкий хлопок возвестил об его исчезновении. </p>\r\n<p>— Дорогая, с тобой все в порядке? — Орион бросился к жене. </p>\r\n<p>Валбурга вытерла рукой пот со лба.</p>\r\n<p>— И этому полукровке мы верили? — вопросила она. </p>\r\n<p>Орион с Сигнусом молчали, ибо не знали, что тут и возразить. </p>\r\n<p>— И все-таки, где Кричер?- печально вздохнул Регулус, все еще стоящий за дверью. — Кричер! — сам не веря в успех, позвал он. — Кричер, ты жив вообще? Отзовись! </p>\r\n<p>У самых его ног раздался громкий хлопок.</p>\r\n<p>— Хозяин Регулус звал меня? </p>\r\n<p>— Кричер! — юноша захлопал в ладоши. — У нас тут такое было! </p>\r\n<p>Эльф не стал спрашивать, что было — он уже вошел в кухню и в ужасе схватился за голову.</p>\r\n<p>— Кто тут без меня хозяйничал в фамильной кухне Блэков? Кто трогал мои сковородки? Кто резал мясо моим ножом и сломал его? </p>\r\n<p>— Темный Лорд, — растерянно пробормотал Орион. </p>\r\n<p>— Да как он смеет! — возмутился эльф. — Госпожа, я надеюсь, больше вы не пустите его на нашу кухню! </p>\r\n<p>— Не пустим, — почти ласково проговорила Валбурга, протянула руку и погладила эльфа по голове. Орион с Регулусом замерли от удивления. — Ты когда подашь нам обед, Кричер?</p>\r\n<p>— Через полчаса, госпожа, — ответил эльф, низко кланяясь. </p>\r\n<p>Валбургу удовлетворил этот ответ, и она направилась к выходу, увлекая за собой мужа, сына и брата. </p>\r\n<p>— Эй, — пробормотал Орион, — вот если бы Том на ней тогда женился, не было бы у нас Темного Лорда. </p>\r\n<p>— Зато была бы Темная Леди, — возразил Сигнус. </p>\r\n<p>— Нет в жизни счастья, — вздохнул Орион и вместе с братом направился в кабинет — выкурить по сигаре перед обедом. </p>'),
(3, 'Рассветная', '2000-09-04', 1481215757, 'G', 'Я, любимая', 'Я стою на грани ночи и рассвета...', '', '', 1316, NULL, NULL, 'Джен', '<p>Я стою на грани ночи и рассвета. Разве может быть вечным рассвет? Разве может быть вечным переход из одного мира в другой? За спиной — холодный сумрак и золотистые льдинки звезд, впереди — ослепительный свет и разноцветье дня. Днем от солнца заслонит тень. Ночью дорогу укажут звезды. Можно выбрать свет. Можно — тьму. Но застыть на границе вечного выбора?.. Я соединяю возможное и невозможное. Покой и движение. Выбор и отсутствие выбора. Тьма и Свет сплелись воедино в тонкую полоску рассвета. Я ухожу в день — но жара изнуряет меня. Я ухожу в ночь — но тьма ослепляет меня. Я остаюсь. На тонкой грани, на перекрестке Тьмы и Света. И Выбор каждого, кто проходит через грань, — мой выбор. На минуту, на секунду, на мгновение я иду вслед за ним по его дороге, пока лучи солнца или ночная тьма не скроют его из виду. Я соединяю в себе миллионы дорог — но не могу выбрать ни одной. Да надо ли выбирать? Надо ли становится еще одной звездой в ночном небе или еще одной каплей росы на листе? Ведь выбор — это всегда отказ от чего-то. А я не могу отказаться — ни от одной песчинки на морском берегу, ни от одной капли дождя, ни от одного дуновения ветра в сумрачном лесу. Все это со мной. И все это — во мне. И я — везде, во всем, проходящем грань ночи и дня. </p>\r\n<p>Скажите, а куда исчезает рассвет после восхода солнца?..</p>\r\n');
INSERT INTO `fanf` (`ficId`, `title`, `dateWrite`, `datePublish`, `raiting`, `pairing`, `summary`, `note`, `dedication`, `size`, `beta`, `coauthor`, `category`, `text`) VALUES
(4, 'Просто ли быть дорогой?', '2001-04-02', 1481314489, 'G', 'Дорога', 'Скажите, просто ли это — быть дорогой?..', 'Из "перекресточной" серии.', '', 2348, NULL, NULL, 'Джен', '<p>Скажите, просто ли это — быть дорогой? </p>\r\n<p>Чем больше у тебя возможностей, тем меньше свободы. А у дороги свобода одна — бежать вперед. Быть везде и во всем. Не сметь остановиться даже на мгновение. </p>\r\n<p>Легко ли это — соединять разрозненное? Не останавливаться ни на какой детали, ни на какой части, а быть тем, что объединяет части в единое целое. Невозможно выбрать, ибо выбирать приходится — все из всего. </p>\r\n<p>Легко ли соединять протянутые руки? Те, кому дальнейший путь суждено пройти вместе, не догадываются, что соединила их дорога. «Все произошло случайно». «Это судьба». А легко ли быть судьбой? Легко ли быть дорогой, когда ты знаешь, что те, кого ты свела вместе отныне и на всю жизнь, весело и беспечно пойдут вперед, забыв о твоем существовании?</p>\r\n<p>Разве мы замечаем воздух, которым дышим? Разве мы замечаем дороги, по которым идем? У кого хватит терпения остановиться на минуту и приложить ладошку к мягкой влажной земле или теплому асфальту дороги? Главное — то, что ждет в конце пути, а сам путь... Он просто есть. Есть, потому что его не может не быть. Разве могут быть в мире разрозненные части вместо целого? Разве не сами собой объединяются те, кто должен объединиться?</p>\r\n<p>Я могла бы напомнить о себе, просто исчезнув. Все вокруг станет четко определенным и навеки застывшим и то, до чего нельзя дотронуться рукой, просто исчезнет из поля зрения. Что искать? Что сравнивать между собой? Обособленные предметы, обособленные слова, обособленная жизнь... Четкие грани между светом и тенью и некому указать правильный путь среди сумасшедшего разнообразия отдельных явлений...</p>\r\n<p>А можно нарочито запутать, намеренно перемешать вещи между собой, создавая калейдоскоп ложных связей, паутину, в которой завязнет тот, кто не придает должного значения дороге. Осторожно — дорога может вывести вовсе не туда! Дорога может сомкнуться петлей, высосать из тебя все силы, обречь на вечное стремление к недостижимой цели. Дорога выпьет из тебя всю жизнь всего лишь за то, что ты позабыл о ней. </p>\r\n<p>Но я не буду этого делать. Я покорно лягу под ноги очередному путнику, я приведу его к той самой, заветной цели и, стоя на пороге желанного дома, он напрочь забудет обо мне... </p>\r\n<p>Капли воды на ровном покрытии — просто след от недавнего дождя. Дороги не умеют плакать. Дороги умеют только помнить. Помнить о тех, кто никогда не вспомнит о них. </p>\r\n'),
(5, 'Инвентаризация', '2006-06-08', 1481314774, 'G', 'Пожиратели смерти', 'Пожиратели смерти проводят инвентаризацию в своем штабе. Нелегкая это работа!', '', '', 10302, NULL, NULL, 'Джен', '<p>— И какой идиот придумал эту чертову отчетность? — вопросила Белла, стоя на шаткой стремянке под самым потолком. Стремянка скрипела и угрожала свалиться, но Белла, не обращая на это внимания, левитировала вниз толстые папки с документами и конторские книги, которые тут же подхватывал Руди. </p>\r\n<p>— Ты поосторожнее, — сказал Руди, переправляя на стол очередную папку. — Приказ об инвентаризации архивов отдал сам Темный Лорд.</p>\r\n<p>— Да брось ты, — отмахнулась Белла. — Темному Лорду больше делать нечего, как дурацкие приказы отдавать. </p>\r\n<p>Из-за того, что отмахнулась Белла, не выпуская из руки палочку, тяжелая конторская книга спланировала прямо на голову сидящему за столом Барти Краучу-младшему. Юноша был занят тем, что аккуратно переписывал в толстую книгу номера и названия всех документов. </p>\r\n<p>— Ай! — воскликнул он. — Вы там поаккуратнее не можете? А то я могу подумать, что вы меня из списков на уничтожение убрать забыли! </p>\r\n<p>— Не забыли. Точно не забыли, — ответил Руди. — Я эти списки не далее, как сегодня утром проверял. </p>\r\n<p>— Как это проверял? — всполошился Барти. — А почему у меня ничего не записано? Куда вы их дели? </p>\r\n<p>— Ну вот, — проворчала Белла, — теперь опять на два часа застрянем, Барти галочку в журнале поставить забыл. </p>\r\n<p>Приближалась полночь, а они не разобрали и десятой части архива штаб-квартиры Упивающихся Смертью. Непонятно с чего и зачем Темный Лорд потребовал полную отчетность по всем проведенным операциям, финансовому положению организации (этим занимался Малфой, чему Белла была несказанно рада), а также содержанию архивов разведотдела. И самое главное, что отчетность должна быть краткой. </p>\r\n<p>— Любую мысль можно выразить тремя фразами, — многозначительно сказал Темный Лорд на вчерашнем совещании. — Но с вас, так и быть, я прошу не больше десяти страниц. </p>\r\n<p>— Зачем у нас столько бумаг? — спросила Белла, левитируя очередную книгу. Стопка документов на полу была уже ростом с Руди и грозила обвалиться в любой момент. — Половину можно выбросить, не задумываясь! </p>\r\n<p>— Что значит «столько» бумаг? Столько, сколько нужно! На каждую операцию отчет по подготовке и проведению провести нужно? Досье на авроров и Орден Феникса нужно? </p>\r\n<p>— А я бы выбросила бумаги с истекшим сроком давности.</p>\r\n<p>— Пожалуйста, — пожал плечами Руди, — можно выбросить. Только пусть сначала Барти снимет с них копию. </p>\r\n<p>Белла махнула рукой, и на этот раз толстая папка не удержалась в воздухе и приземлилась на голову Руди. По приземлении она раскрылась, и Лестранжа засыпало бумагами. </p>\r\n<p>— Когда мы пять лет назад проводили последнюю инвентаризацию, столько бумаг не было, — продолжала Белла, не замечая случившейся с ее мужем неприятности. </p>\r\n<p>— Между прочим, — Руди наконец-то выкопался из-под груды бумаг и смог говорить спокойно, — Каркаров говорил, что в Советском Союзе подобные проверки проводятся раз в квартал. </p>\r\n<p>— Раз в три месяца? — изумленно переспросил Барти. — У нас в Министерстве вообще никто ничего не проверяет! </p>\r\n<p>— То-то в Советском Союзе волшебное сообщество на ладан дышит, — заметила Белла. — Или у них есть особое заклятие, чтобы облегчить сей адский труд?</p>\r\n<p>— У Долохова точно есть, — отозвался Руди. — Заклятие из трех слов, которое я хоть и выучил наизусть, но не смог заставить работать. А он делает им все — от «Акцио» до «Авады». </p>\r\n<p>— Одним заклятьем? — глаза Барти широко раскрылись. </p>\r\n<p>— И заполнение отчетности тоже? — с сомнением спросила Белла. </p>\r\n<p>— Тоже! Я просто поражался, как у него получается — диктует своему перу какие-то странные слова, а оно выводит полную отчетность! </p>\r\n<p>— Какие слова? — заинтересовался Барти.</p>\r\n<p>— Тебе еще рано такие слова знать! — строго сказал Руди. </p>\r\n<p>Барти скорчил сердитую гримаску, но промолчал. Пододвинул к себе новую папку и принялся за работу. </p>\r\n<p>— Может, нам пора переименоваться? — спросила Белла, левитировав себя вместе со стремянкой к соседнему шкафу. —  Из Упивающихся Смертью в Погребенных под Бумагами? </p>\r\n<p>— Поставь этот вопрос перед Лордом, — не поднимая головы, отозвался Руди. Он разделил большую стопку папок и конторских книг на несколько маленьких и внимательно изучал надписи на обложках. </p>\r\n<p>— Лорду вообще никаких бумаг не надо! — с легкой завистью в голосе произнесла Белла. — С его-то владением легилименцией... </p>\r\n<p>— А у маглов есть компьютеры, — вспомнил Барти. — Они информацию безо всяких бумаг хранят. Сколько угодно информации вот на такой ленте! </p>\r\n<p>И он очертил руками круг диаметром фута полтора. </p>\r\n<p>— И это вместо целой комнаты? — заинтересованно спросил Руди. — Может, нам и вправду компьютером обзавестись? </p>\r\n<p>— Вообще-то компьютер занимает две такие комнаты, — смущенно проговорил Барти. </p>\r\n<p>Руди хмыкнул: </p>\r\n<p>— Нет, это нам не подходит. У нас тут и так по поводу каждого квадратного метра скандал. А вторую комнату нам даже под «Империо» не дадут. </p>\r\n<p>В комнате вновь воцарилась тишина. Каждый занялся своим делом, понимая, что чем быстрее они его сделают, тем больше надежды поспать хотя бы пару часиков. </p>\r\n<p>Белла сняла с полки очередную стопку конторских книг и только собралась левитировать их к Руди, как увидела какое-то движение в глубине шкафа. </p>\r\n<p>Она наклонилась поближе, чтоб разглядеть... </p>\r\n<p>Конторские книги, оставшись без поддержки, с грохотом обрушились на пол. </p>\r\n<p>Но этот грохот перекрыл пронзительный визг Беллы. </p>\r\n<p>— Что случилось? — закричал Руди, мгновенно вскакивая на ноги и держа палочку наготове. </p>\r\n<p>— Там... — Белла не могла произнести ни слова, только тыкала палочкой куда-то в глубину полки. </p>\r\n<p>— Аврор? — испуганно спросил Барти. </p>\r\n<p>— Мышь! — завизжала Белла. — Рудольф, ваш отдел мышей не ловит! Авада... </p>\r\n<p>— Ступефай! — опередил жену Руди. </p>\r\n<p>На россыпь конторских книг свалилась бесчувственная Белла. А на нее — насмерть перепуганная мышь. </p>\r\n<p>Руди взял мышь за хвост и только после этого произнес: </p>\r\n<p>— Эннервейт! </p>\r\n<p>Белла была так удивлена, что даже не стала кидаться на мужа, а только растерянно спросила: </p>\r\n<p>— Ты что? </p>\r\n<p>— Поосторожней с авадой в моем отделе! — спокойней ответил Руди. — Убила бы — и как бы я потом отчитывался? </p>\r\n<p>— За мышь? </p>\r\n<p>— Это не мышь! Это я трансфигурировал особо важные документы! Барти, держи! </p>\r\n<p>И Руди швырнул Барти мышь, которая, приземлившись на стол, оказалась черной папкой с зелеными тесемочками. </p>\r\n<p>— В следующий раз предупреждай, — мрачно сказала Белла. — А то еще в змею что-нибудь трансфигурируешь, а она Лорду на тебя накапает. </p>\r\n<p>— Нашипит, — уточнил Барти. </p>\r\n<p>— Не нашипит, — возразил Руди, — у меня сигнализация на двери, особо секретные документы даже в трансфигурированном виде не пройдут. </p>\r\n<p>Белла со злостью посмотрела на россыпь конторских книг на полу и стала помогать Руди складывать их в аккуратные стопочки. </p>\r\n<p>— А может, чаю попьем? — с отчаянной надеждой в голосе спросил Барти. </p>\r\n<p>— А может, тебе домой пора? — осадила его Белла.</p>\r\n<p>— Не пора! — замотал головой юноша. — Вы без меня не справитесь! </p>\r\n<p>— Мы и с тобой не справимся, — заметил Руди. — К десяти утра надо закончить, а мы еще и не начали. </p>\r\n<p>— Мы начали! — возразил Барти.</p>\r\n<p>— Но конца у того начала не видно, — добавила Белла. — Руди, а может, мы вообще зря в Упивающиеся Смертью пошли? Может, надо было в авроры идти? Там бумаг должно быть поменьше! </p>\r\n<p>— Не, — замотал головой Барти, — мне Фрэнк Лонгботтом говорил, что у них в аврорате завал с бумагами. Еще больше, чем у нас. </p>\r\n<p>— Нет, ну правда, — не унималась Белла, — вот зачем нам на каждого аврора такое толстое личное дело? Если на каждого по три папки, на весь аврорат целый шкаф получается! Может, ликвидировать их к чертям собачьим, тогда не надо будет всей этой писанины вести? </p>\r\n<p>— Ни в коем случае! — воскликнул Руди. — Ты что, никогда не готовила техническое задание на ликвидацию? Да после того, как мы половину Ордена Феникса ликвидировали, у нас два шкафа прибавилось! Так что вторую половину не трогаем, пока нам вторую комнату не выделят. </p>\r\n<p>Белла скептически усмехнулась. </p>\r\n<p>— Можем утешить себя тем, что Малфою еще хуже. Мы тут в архивах копаемся, а он финансовый отчет составляет. </p>\r\n<p>— О да, — вздохнул Руди. — А я до сих пор не ответил ему на служебную записку по поводу перерасхода в прошлом месяце. </p>\r\n<p>— Большой перерасход? </p>\r\n<p>— Да галлеонов сто. Но ты же знаешь Малфоя — у него на один кнат баланс не сойдется, и он на стенку лезет! </p>\r\n<p>Барти, аккуратным почерком переписывая в конторскую книгу краткое содержание задания на ликвидацию, подумал, что он тоже скоро на стенку полезет. Хотелось спать, чаю, подышать свежим воздухом и еще много всего одновременно. Только Барти открыл рот, чтобы поинтересоваться, видно ли хоть начало конца работы, или только конец ее начала, как дверь рывком распахнулась и на пороге появился Люциус Малфой собственной персоной. Вид у финансового директора Упивающихся Смертью был такой, будто он, открыв дверцу сейфа, обнаружил, что все деньги организации исчезли. </p>\r\n<p>— Что случилось? — встревоженно спросила Белла.</p>\r\n<p>— Недостача? — уточнил Руди. </p>\r\n<p>Малфой сделал шаг вперед и тяжело рухнул в кресло. То, что в кресле лежали с десяток папок и пара чернильниц, он не заметил. </p>\r\n<p>— Темный Лорд... — начал Люциус.</p>\r\n<p>— Что Темный Лорд? </p>\r\n<p>— Темный Лорд исчез! — наконец сумел выговорить Малфой. </p>\r\n<p>— Как исчез? — хором воскликнули все трое. </p>\r\n<p>— А вот так, — Малфой глубоко вздохнул. Под ним в кресле что-то треснуло — наверное, одна из чернильниц. — Он пошел убивать Поттеров...</p>\r\n<p>— Без подготовки технического задания на ликвидацию? — вырвалось у Руди. </p>\r\n<p>— И вместо того, чтобы убить их сына, исчез. </p>\r\n<p>— Он не может умереть, он бессмертен! — Белла все еще не верила. </p>\r\n<p>— Но как же мы без Лорда? — растерянно спросил Барти. </p>\r\n<p>Руди обвел глазами комнату — севшую на пол от удивления Беллу, встревоженного Барти, взъерошенного Малфоя, на серебристой мантии которого уже начало расползаться чернильное пятно. </p>\r\n<p>— Во всем надо искать хорошие стороны, — произнес Лестранж. — Нам больше не надо писать этот проклятый отчет!</p>\r\n<p>— Но Лорд вернется! — отчаянно прошептала Белла.</p>\r\n<p>— Конечно, вернется! — без тени сомнения в голосе ответил Руди. — К тому времени мы как раз успеем все подготовить! Ненавижу спешку в ведении документации!</p>\r\n<p>Он сказал это с такой искренней уверенностью, что Беллу на миг посетило сомнение — а не Руди ли причастен к исчезновению Темного Лорда. Больно уж вовремя оно произошло. </p>\r\n<p>Но после секундного размышления Белла поняла, что ее муж на такое не способен. Техническое задание на ликвидацию Темного Лорда он писать не начал. </p>\r\n<p>Да и в комнате оно бы не поместилось, ибо лишние шкафы ставить уже некуда. </p>\r\n'),
(6, 'Дезинформация', '2006-09-01', 1481356674, 'PG-13', 'Рудольфус Лестранж/Беллатрикс Лестранж', 'Белла пишет эротический рассказ. Но Рудольфусу он не нравится. Причем вовсе не тем, что содержит намеки на любовь Беллы к Темному Лорду...', '', '', 9725, NULL, NULL, 'Гет', '<p>Беллатрикс Лестранж ворвалась в комнату черным вихрем. Жаль, оценить по достоинству ее появление было некому — Рудольфус крепко спал. Зрелище безмятежно спящего мужа так разозлило Беллу, что она не стала им любоваться, а подлетела к кровати и стала грубо трясти Рудольфуса за плечи.</p>\r\n<p>— Руди, вставай!</p>\r\n<p>Рудольф открыл глаза и недовольно посмотрел на жену. </p>\r\n<p>— Что случилось? </p>\r\n<p>— Я написала тот рассказ для «Ведьмополитена» о котором тебе говорила, и хочу, чтобы ты его посмотрел! </p>\r\n<p>Рудольф зевнул и сердито произнес:</p>\r\n<p>— Я спал сорок три минуты! </p>\r\n<p>— Ну и что? — парировала Белла. — Я, между прочим, всю ночь этот несчастный рассказ писала! Сегодня надо сдавать!</p>\r\n<p>Рудольф опять зевнул.</p>\r\n<p>— Давай по порядку — что за рассказ, куда его тебе сдавать и при чем тут я?</p>\r\n<p>— Ты это все затеял! И вообще, где ты был всю ночь? — не унималась Белла. </p>\r\n<p>Рудольф тяжело вздохнул. </p>\r\n<p>— Я писал техническое задание на ликвидацию Пруэттов, и это тебе хорошо известно. А вот что я затеял, мне неизвестно. Расскажи по порядку, пожалуйста. </p>\r\n<p>Белла посмотрела в широко раскрытые невинные глаза мужа и передумала его ругать. Хотя сделать его виноватым в том, что ей всю ночь пришлось сидеть и писать то, что она никогда не писала. Отчет о боевой операции — пожалуйста, хотя и их она старалась спихнуть на мужа. </p>\r\n<p>— Ты давно говорил, что неплохо бы пустить дезу о том, что у меня связь с Темным Лордом. </p>\r\n<p>— Да, — заинтересовался Рудольф, — и что? </p>\r\n<p>— Мы посоветовались с Темным Лордом и я решила написать эротический рассказ для «Ведьмополитена». О Темном Лорде и его верной последовательнице. </p>\r\n<p>Рудольф слез с кровати и взмахом палочки зажег ночник. </p>\r\n<p>— Ну, давай, — сказал он. — Все равно ведь не отстанешь. </p>\r\n<p>Белла покорно протянула листки пергамента. Сейчас она походила на студента Слизерина, сдающего реферат по трансфигурации декану Гриффиндора. Или на студента Гриффиндора, сдающего реферат по зельеварению декану Слизерина. В любом случае, зрелище было печальное. </p>\r\n<p>Рудольф взял пергамент и с видом человека, которому все равно деваться некуда, принялся за чтение. С первой же строчки его брови удивленно поднялись, на половине страницы он усмехнулся, а потом громко засмеялся, чуть не уронив листы. </p>\r\n<p>Белла с тревогой посмотрела на мужа. </p>\r\n<p>— Что? — с волнением спросила она. </p>\r\n<p>Рудольф вздохнул, пытаясь восстановить душевное равновесие. Равновесие восстанавливаться не хотелось, поэтому Рудольф звонком вызвал домового эльфа, велев ему принести чашечку кофе. </p>\r\n<p>Выпив кофе, Рудольф немного успокоился, взял первый лист и  размеренно, словно на работе, начал: </p>\r\n<p>— Ну, смотри. Начинается с того, что она приходит к Лорду прямо с задания. А где дежурный в приемной? Почему он не доложит о ее приходе? </p>\r\n<p>Белла смешалась: </p>\r\n<p>— Может тебе еще и план штаб-квартиры нарисовать? И устройство Организации описать? </p>\r\n<p>— Не обязательно описывать действительное устройство. Ты же сама говоришь, что это деза. А раз деза, то заодно можно и устройство Организации исказить. </p>\r\n<p>— Я эротический рассказ пишу, а не шпионский роман! — возмутилась Белла. </p>\r\n<p>— А, по-моему, одно другому не мешает, — спокойно парировал Рудольф. — Ладно, давай дальше. Целый абзац о том, как ее пьянит запах крови и как она от него одурела после задания. Белла, я не понимаю, где ты видела кровь на спецоперации? У тебя парой строк ниже сказано, что ее любимое заклятье — Круциатус. А убивать лучше всего Авадой. Где здесь кровь? </p>\r\n<p>— Это фигуральное выражение! — запротестовала Белла. </p>\r\n<p>Муж оборвал ее: </p>\r\n<p>— Если бы я в отчетах писал фигуральными выражениями, меня бы враз с поста начальника разведки турнули. И не фигурально, а вполне реально. Да, кстати, а почему она у тебя сразу к Лорду бежит? А субординация? </p>\r\n<p>Белла рассмеялась: </p>\r\n<p>— Какая в постели субординация! Или ты хочешь, чтобы я сначала к Розье побежала? </p>\r\n<p>Рудольф пристально посмотрел на жену. </p>\r\n<p>— К Розье я бы сам первый побежал, ибо первое, что мне хочется после спецоперации — выпить. А тебе бегать к нему не советую.</p>\r\n<p>— Он мой кузен!</p>\r\n<p>— Ну, знаешь, у чистокровных волшебников инцест — не извращение, а образ жизни. Между прочим, ты мне пятиюродная племянница по материнской линии, а по отцовской — я тебе шестиюродный дедушка. </p>\r\n<p>Белла задумалась, восстанавливая в уме генеалогическое древо Блэков. На шестой  ступени она запуталась, бросила это дело и вопросительно посмотрела на мужа. </p>\r\n<p>— Ты дальше читай. </p>\r\n<p>— Хорошо, пойдем дальше. Два абзаца про то, как она одета. Белла, скажи мне, пожалуйста, ты в чем на задания ходишь? </p>\r\n<p>— Ну как... — Белла смешалась, — маггловские джинсы, теплые колготки, свитер... </p>\r\n<p>— А почему тогда она у тебя приходит с задания в шелковых чулках, коротком черном платье с декольте и туфлях на шпильках? </p>\r\n<p>— Это смотря какое задание... Мне и в таком приходилось ходить. </p>\r\n<p>— Ты не путай вербовку с боевой операцией! На вербовку большой шишки в шикарный ресторан можно пойти в вечернем платье и туфлях на шпильках, но у тебя-то она с боевого задания вернулась! </p>\r\n<p>Белла обиженно надула губы. </p>\r\n<p>— Руди, если ты будешь к каждому слову придираться, я вообще тебе ничего показывать не буду! Ты продолжай, там самое интересное. </p>\r\n<p>Рудольф пожал плечами, но послушно перевернул лист. Белла пристально следила  за выражением лица мужа, но тот сделал каменное лицо, выражающее исключительно деловой интерес. </p>\r\n<p>— Все так плохо? — не выдержала Белла. </p>\r\n<p>— Нет, — помотал головой Рудольф, — не плохо. Ужасно. Откуда ты вообще взяла этот стиль? </p>\r\n<p>— Я три годовые подшивки «Ведьмополитена» прочитала! — обиделась Белла. — Все так пишут! </p>\r\n<p>— И это кто-то читает? — заинтересованно спросил Рудольф. — И тут же сам себе ответил: — Впрочем, раз журнал не разорился до сих пор, значит, читают.</p>\r\n<p>— А чем тебе не нравится? </p>\r\n<p>— Как тебе сказать... — замешкался Рудольф. — Ну, смотри. Ладно, так уж и быть, я не буду задерживаться на том, что вместо отчета о задании они сразу начинают целоваться. А дальше он опрокидывает ее на стол... Белла, ты помнишь, что у Лорда стоит на столе? </p>\r\n<p>— Помню, — быстро ответила Белла, — большой чернильный прибор в виде замка Певереллов. </p>\r\n<p>— И если следовать логике твоего рассказа, он как раз прикладывает ее головой о главную башню, из которой, между прочим, торчит стальное острозаточенное перо. И никакой Авады не надо. </p>\r\n<p>— У меня нет ничего про этот замок! — возмутилась Белла. </p>\r\n<p>— Это не значит, что его там нет, — возразил Рудольф.</p>\r\n<p>— Но читатели-то об этом не знают! </p>\r\n<p>Рудольф задумался. Думал он с полминуты, потом попросил еще кофе. После кофе он еще с полминуты думал, а потом снова взялся за творение жены, скептически при этом ухмыляясь. </p>\r\n<p>— Дальше две страницы описания, как они занимались любовью Белла, милая, если бы я тебя не знал, я бы подумал, что у тебя до этого ничего ни с кем не было. Но поскольку мы вот уже девять лет женаты...</p>\r\n<p>— С Лордом у меня точно ничего не было! — горячо воскликнула Белла.</p>\r\n<p>— А что, Темный Лорд — не человек? </p>\r\n<p>— Нет! Он выше, чем человек!</p>\r\n<p>— Но анатомия-то у него человеческая? — невинно поинтересовался Рудольф. </p>\r\n<p>— Ну, наверное, — неуверенно сказала Белла. </p>\r\n<p>— Когда ты последний раз его видела, — не унимался Рудольф, — сколько у него было рук? </p>\r\n<p>— Две, а что?</p>\r\n<p>— У тебя получается, что минимум три. </p>\r\n<p>Белла недоумевающе посмотрела на мужа, потом на свои листки и махнула рукой. </p>\r\n<p>— Ты не понимаешь! Это же вымысел! </p>\r\n<p>— Ну и что? — не унимался Рудольф. — Ты хочешь оставить читательниц в заблуждении, что у Темного Лорда три руки? </p>\r\n<p>— Ты же сам говоришь — дезинформация! </p>\r\n<p>Рудольф тяжело вздохнул. </p>\r\n<p>— Ладно, скажи, она у тебя вдоль или поперек лежит? </p>\r\n<p>— А какая разница? </p>\r\n<p>— У нее голова с края стола свешивается и если она лежит поперек, я это допускаю. А если вдоль, тогда Лорду придется лечь сверху, иначе он не дотянется. Впрочем, подожди... — Рудольф погрузился в размышления. — Нет, я не помню габариты его стола. Ты не догадалась его измерить? </p>\r\n<p>— Зачем? — искренне удивилась Белла. </p>\r\n<p>— Когда мы спецоперацию готовим, то собираем все данные, вплоть до размеров кровати, на которой спит объект!</p>\r\n<p>— Но это не спецоперация!</p>\r\n<p>— Ты зря так думаешь. Это дезинформация, рассчитанная на привлечение целевой аудитории. А это значит, подход должен быть такой же, как и для любой спецоперации. </p>\r\n<p>— Может мне еще и Лорда измерить? </p>\r\n<p>Белла спросила больше в шутку, но муж воспринял ее слова серьезно. </p>\r\n<p>— Знаешь, а неплохо было бы. </p>\r\n<p>— Рудольф! </p>\r\n<p>— Что Рудольф? — искренне удивился муж. — Я серьезно говорю. </p>\r\n<p>— Тебе бы только все измерять! Ты о чувствах думай! Я столько чепухи наизусть выучила, чтобы красиво написать о чувствах!</p>\r\n<p>— В чувствах я не разбираюсь, — честно признался Рудольф. </p>\r\n<p>— А зачем тогда советы даешь? </p>\r\n<p>— Ты сама просила меня посмотреть. Я и указываю тебе на явные логические ошибки. Кстати, еще одна вещь. Там все-таки есть дежурный в приемной или нет? </p>\r\n<p>— Какая разница! — раздраженно произнесла Белла.</p>\r\n<p>— А вот какая! — назидательно сказал Рудольф. — Она у тебя вопит во весь голос. Дежурный вмиг бы прибежал на шум! </p>\r\n<p>— Они поставили заглушающее заклятие! </p>\r\n<p>— А почему тогда у тебя об этом не сказано? </p>\r\n<p>— Знаешь что, Руди, — обиделась Белла, — раз ты такой умный, тогда сам и пиши! </p>\r\n<p>Рудольф посмотрел в потолок. Потом на жену. И честно признался:</p>\r\n<p>— Если я что-то я напишу, это опубликуют разве что в разделе криминальной хроники.  </p>\r\n<p>— А с этим мне что делать? — растерянно спросила Белла. — Попросить Риту Скитер, чтобы переписала все заново? </p>\r\n<p>Рудольфу махнул рукой.</p>\r\n<p>— А зачем? Отдавай, как есть. Для целевой аудитории сойдет. Мы же все равно дезинформацию даем. А теперь дай мне поспать, у нас сегодня спецоперация. Ты, между прочим, тоже в ней участвуешь! </p>\r\n<p>На этих словах Рудольф отвернулся к стенке и мгновенно заснул. </p>\r\n<p>Белла разочарованно вздохнула, погасила ночник и легла рядом. </p>\r\n<p>Ее надежда на то, что муж не только покритикует ее, но и покажет на практике, погасла вместе со светом ночника. </p>'),
(7, 'Закрыть Дорогу?', '2000-07-08', 1481440717, 'G', 'Дорога', 'О Дорогах и тех, кто их не любит', '', '', 1061, NULL, NULL, 'Джен', '<p>Вот она — дорога, ведущая в неизведанные миры. Ты находишь себя на каждом перекрестке, ты идешь вслед за солнцем, вспоминаешь и узнаешь, встречаешься и расстаешься.</p>\r\n<p>Вот она, Дорога — золотистая лента легла под ноги. Но что это? Кто-то поставил посреди дороги шлагбаум, перечеркнув золотую ленту черной полосой. И дальше — черный канат отгораживает участок Дороги, не давая пройти дальше. Кто это сделал? Неведомые враги, разрушители, ненавистники всего живого? Нет, такие же путники как ты. Зачем им закрывать Дорогу? Закрывать? Да нет, они просто решили присвоить себе участок Дороги, завладеть им единовластно, чтобы никто другой не смел пройти там, где стоят они, и узнать то, что знают они.</p>\r\n<p>Не трогай их. Пусть стоят. Ведь они не смогут выйти за пределы черного квадрата, и из-за этого дорога под их ногами перестает быть Дорогой — ведь никто больше не идет по ней. И настанет время, когда золотая лента вынырнет из-под их ног и побежит дальше — вперед, к неведомым далям. А они останутся в своем квадрате, так и не заметив, что их Дорога — закончилась.</p>\r\n'),
(8, 'Идет дорога... но куда?', '2013-08-04', 1481440999, 'G', 'Дорога', 'Не только дороги бывают разные, но и отношение к ним тоже.', 'Из "Перекресточной" серии.', '', 1028, NULL, NULL, 'Джен', '<p>— Когда дорога идет круто вверх, а потом обрывается резко вниз, так не хочется ей следовать, а хочется бежать дальше, туда, куда бы вела дорога, если бы не подломилась. На гребне перевала кажется, что еще немного — и взлетишь!</p>\r\n<p>— Да куда уж летать-то, если с таким трудом на горку взобрался. Там, на перевале, чудится мне колодец до самой земли, ступил на него — и провалился. И ни подъемов тебе, ни спусков...</p>\r\n<p>— А зачем вообще куда-то лезть? Есть ведь обходные пути. Видишь, что дорога пошла куда-то в гору — обходи ее переулочками, и не беда, что потеряешь направление, движение — все, конечная цель — ничто.</p>\r\n<p>— А зачем вообще куда-то двигаться? В тех самых переулочках столько всего интересного! В дорогу тянет, когда нет дома, а если есть дом — тебе, кроме переулочков, ничего и не надо. Вершины, спуски, подъемы, пропасти — это для тех, кто отчаялся найти пристанище и заменяет его бессмысленным движением. Оставайтесь в доме, у кого он есть!</p>\r\n<p>А дорога слушала этот диалог и ничего не отвечала, а просто бежала вперед...</p>\r\n');
INSERT INTO `fanf` (`ficId`, `title`, `dateWrite`, `datePublish`, `raiting`, `pairing`, `summary`, `note`, `dedication`, `size`, `beta`, `coauthor`, `category`, `text`) VALUES
(9, 'Указатель', '2002-03-13', 1481468454, 'G', 'Дорожный указатель', 'На обочине лесной дороги стоит столб с прибитой к нему деревянной табличкой. На табличке написано «Деревня Большие Броды — 5 км».', '', '', 1213, NULL, NULL, 'Джен', '<p>На обочине лесной дороги стоит столб с прибитой к нему деревянной табличкой. На табличке написано «Деревня Большие Броды — 5 км». Тот, кто первый раз в этих местах, может подумать, что и вправду в пяти километрах отсюда есть какая-то деревня. И сразу представляется ленивая речка, спокойно несущая свои воды через поля и леса, и теплый желтый песок на мелководье и сбегающая к реке тропинка... А у брода примостилась деревенька и уютный дымок идет из печных труб, и женщины степенно спускаются по тропинке за водой, а ребята с громким визгом несутся по косогору и бросаются с размаху в реку... Глянешь на столб с табличкой — и вся картина представляется, как живая.</p>\r\n<p>Только ничего это уже нет. Деревня вымерла добрых лет тридцать тому назад, когда остались в ней одни старики, да старухи, да и те потом подались в город к внукам. Речка пересохла, тропики стали неразличимы среди луговых трав, да и сама дорога к деревне заросла травой и кое-где пробивается молодая поросль. Еще пара десятков лет — и не будет следов ни дороги, ни деревни, ни речки... Только и останется, что столб с табличкой. Прочный, добротно обтесанный столб. И кто-то регулярно очищает его о грязи и подправляет надпись. Интересно, зачем?..</p>\r\n'),
(10, 'Белая ворона', '2003-01-08', 1481473557, 'G', 'Фингон, Маэдрос', 'Майтимо висел на скале, Фингон его спас, фанфикеры многократно воспели этот подвиг, а я написала нечто вроде пародии.', '', 'Посвящается Лоре.', 9891, NULL, NULL, 'Джен', '<p>— Майтимо!</p>\r\n<p>Этот крик откуда-то снизу застал меня врасплох. Можно даже было сказать — оторвал от дела, хотя странно подумать, что могут быть какие-то дела у прикованного к скале. Но настоящий нолдо даже в этом положении найдет себе дело и не одно. Вот и в этот момент я был занят — я считал ворон. Только что одна особо нахальная ворона пролетела всего в каких-то двух метрах от моего носа. Ближе подлетать они боялись, после того, как одну я схватил левой рукой и выдрал у нее из хвоста пару перьев, на память. Перья эти я засунул к себе в сапог, как в наиболее надежное место (что заняло у меня несколько часов, и я не жалею о потраченном времени). Пока что это был единственный сувенир, сохраненный мною за шестьдесят лет висения на этой несчастной скале. О чем я сожалею, так это о том, что когда лет пять тому назад какой-то камушек свалился сверху и чуть не задел меня по голове, я не смог изловчиться и схватить его, хотя он пролетел буквально в сантиметре от моей руки, причем левой. Я дня три потом не мог заснуть, все переживал это трагическое событие и размышлял о том, каким мог бы быть этот камень и что из него можно было бы сделать, будь у меня под рукой соответствующие инструменты. Потом я отвлекся на ворон, и сожаление о пропущенном камушке ушло куда-то на дальний план моего сознания. Однажды я увидел белую ворону. Или это солнечный свет, к которому я тогда еще не привык, сыграл со мной такую шутку? Не знаю. Но эта ворона до сих пор снится мне, однако увидеть ее наяву у меня никак не получается. Все вороны, которых я наблюдаю здесь, черные. Как ночь и как одежда Моргота, нашего врага. </p>\r\n<p>— Майтимо! Ты слышишь меня? </p>\r\n<p>Да кто ж там так орет-то? Он же мне сейчас всех ворон распугает! </p>\r\n<p>— Да слышу я, слышу, не ори так громко, сейчас сюда все морготовы твари сбегутся! Финдекано, это ты?</p>\r\n<p>— Это я! Майтимо, ты что тут делаешь?</p>\r\n<p>«Ворон считаю», — чуть было не ляпнул я, но сдержался. Почему я должен раскрывать Финдекано все свои тайны? Я же не знаю, чем он там занимался без меня и, главное, как он сюда попал — ведь кораблей больше не осталось, а Валар вряд ли перенесли Нолофинвэ со всем войском в Эндорэ. </p>\r\n<p>— А ты как думаешь? Знаешь, Финдекано, вчера был великолепный закат! Если ты не видел, ты много пропустил, я за последние два года не припомню такого заката!</p>\r\n<p>— Майтимо, ты бредишь! Я пришел спасти тебя!</p>\r\n<p>«Ну и идиот», — подумал я. Делать ему больше нечего, как меня спасать. Во-первых, это невозможно. Скала отвесная, а прикован я на совесть. Я уже оценил крепость скобы и крепость камня, в который она вставлена. Мне понадобилось два месяца, чтобы полностью понять, что за камень составляет скалу — ибо разглядеть то, к чему обращен спиной, не так-то просто — а потом еще два месяца я соображал, как же они ухитрились привинтить в этот твердейший камень такую прочную скобу и какой максимальный вес она могла бы выдержать. Пока что верхний предел получался столь высоким, что я до сих пор не верил своим расчетам. Эх, сюда бы мои инструменты и мою мастерскую! А морготовы твари, конечно же, не ответили ни на один мой вопрос, пока приковывали меня. Или же Моргот задумал лишить меня главного — способности хотя бы размышлять о творении, если нет возможности творить? Ну, это он просчитался...</p>\r\n<p>— Финдекано, ты не поднимешься! Тут отвесный склон!</p>\r\n<p>— Майтимо, я все равно тебя спасу!</p>\r\n<p>Ну и идиот! Нет, ну вы видели где-нибудь таких идиотов? Он даже не пожелал выслушать меня до конца! Он что, надеется за пять минут постигнуть то, на что мне понадобилось несколько лет? Я много размышлял о том, как можно подняться на эту скалу и какие инструменты понадобятся для того, чтобы хотя бы прорубить ступени в этом камне, а Финдекано собирается без подготовки, с одним мечом (знаю я этот меч, наш способ закалки куда лучше) подняться ко мне и отколупать мою скобу от скалы? Я думал, что только Дом Феанаро способен сначала действовать, а потом думать. Или он от меня такого набрался? Тогда ему надо избавиться от моего дурного влияния и поскорее. </p>\r\n<p>— Финдекано! Тебе не надо меня спасать! </p>\r\n<p>— Майтимо! Ты еще скажи, что тебе здесь нравится!</p>\r\n<p>Финдекано, видимо, хотел надо мною посмеяться, а в результате сказал  почти правду. Не то, чтобы мне очень нравилось тут висеть... Все-таки неудобно, я привык, когда у меня свободны обе руки и имеется достаточное пространство для действий и перемещений. Но, во-первых, я уже свыкся со своим положением. Трудно было только первые десять лет. Во-вторых, наконец-то сбылась моя мечта еще с времен нашей ссылки в Форменос — я остался один. Мне не докучали ни братья с их новыми проектами, шалостями и собаками (как я жалею, что в Альквалондэ никто не подстрелил Хуана, это было бы единственным радостным событием для меня, пятерых моих братьев, отца и большинства нашего народа), ни дружина с их вечно восхищенными взглядами, ни Моргот со своими слугами, похожими так, что я не мог их сосчитать (и это бесило меня больше, чем все произнесенные ими оскорбления в мой адрес), ни Валар с их претензиями, ни кто-либо другой. Я всю жизнь мечтал об одиночестве и наконец-то его получил. А в-третьих, такого замечательного вида я не наблюдал даже в Пелори. Еще под звездами я любовался панорамой горных пиков, окруженных облаками, а появление солнца и луны подарило мне такие удивительные краски, что я жалел, что не могу запечатлеть их. Настоящий нолдо, да к тому же еще и сын Феанаро, всегда найдет пищу для ума, в каком бы положении он  не находился. Разве может понять это Финдекано, ведь его отец — нолдо только наполовину. Финдекано не поймет и половины того, что я мог бы ему рассказать. Разве объяснишь ему, как мне важно понять, видел ли я на самом деле белую ворону или то был обман зрения? Иногда мне кажется, что я являюсь той самой белой вороной — неузнаваемой и неуловимой. </p>\r\n<p>— Майтимо! Ты что молчишь?! Ты где?</p>\r\n<p>— Да тут, я тут! Финдекано, ты все равно сюда не поднимешься!</p>\r\n<p>Я чуть не засмеялся, глядя, как упорный Финдекано раз за разом пытается залезть на отвесную скалу. Его нолдорского характера хватает на то, чтобы лезть туда, куда не следует, но явно не хватает, на то, чтобы подумать, а что на самом деле можно предпринять. Я знаю, что теоретически меня снять возможно, но я-то думал над этим много лет и еще потребуется пара часов на изложение и пара недель на реализацию, а этот идиот Финдекано, небось, хочет все сразу здесь и сейчас. Нет, лучше сдохнуть, чем наблюдать такое! </p>\r\n<p>Сдохнуть? А это идея. Интересно, можно ли достать меня стрелой с такого расстояния? Я поймал себя на мысли, что не могу точно назвать расстояние от меня до Финдекано. Точнее могу, но с точностью до трех метров, а такая точность меня не устраивает. Но разве можно что-то высчитать точно, когда этот ненормальный орет у тебя под самым ухом? И ведь, если скажу, что он мне мешает, он искренне обидится. Честное слово, лучше сдохнуть, чем наблюдать, как он тут бьется головой о скалу. А если он еще все свое семейство сюда приведет... Пусть не надеется, что даже все вместе они сумеют прошибить головами этот камень — он крепкий, я пробовал. </p>\r\n<p>— Майтимо! Я не могу к тебе подняться!</p>\r\n<p>— Тебе не надо подниматься, Финдекано! У тебя там что за спиной? Надеюсь, лук, а не арфа? Выстрели в меня!</p>\r\n<p>— Майтимо, ты что? Ты сошел с ума!</p>\r\n<p>Ну вот, теперь я должен его уговаривать! По крайней мере еще одно дело, на которое можно потратить время. Но зато, когда он в меня выстрелит, я смогу определить точное расстояние от него до меня. Лук ему делал я сам, определить скорость полета стрелы, зная натяжение лука и силу рук Финдекано, для меня раз плюнуть, остается только сопротивление воздуха... такое ли оно здесь, как в Амане? Ничего, это мы проверим, не думаю, что он попадет с первого раза. </p>\r\n<p>— Финдекано, я не сошел с ума! Только так ты сможешь мне помочь! Или ты стрелять разучился? </p>\r\n<p>— Не говори таких слов, Майтимо!</p>\r\n<p>Я не понял, к чему именно относилось его последнее высказывание, но на всякий случай решил промолчать. Все больше и больше я утверждался в мысли, что лучше умереть, чем наблюдать, как мои незадачливые родственнички пытаются меня отсюда вытащить. Впрочем, ведь и умереть как следует не получится. Ну разве этот дурень способен выстрелить, как следует? Он даже прицелиться нормально не может — руки у него дрожат. Я бы на его месте стрелял, не задумываясь. </p>\r\n<p>— Финдекано! Ты будешь стрелять или нет? Если бы я тут не висел, я бы показал тебе, с какого конца стрелу на тетиву кладут!</p>\r\n<p>Он никак не отреагировал на мои слова, тщетно пытаясь прицелиться. Чтобы не наблюдать за его позором я поднял голову и стал обозревать окрестности в поисках несосчитанных ворон. Мне повезло — довольно быстро я увидел черную точку, увеличивающуюся в размерах. Сначала я обрадовался — такой вороны точно не было в моей коллекции — потом я понял, что это не ворона, а орел, потом этот орел резко спикировал куда-то вниз. Я не успел опомниться, как увидел лицо Финдекано прямо рядом с собой. </p>\r\n<p>«Ну вот, — грустно подумал я, — если он снизу орал мне в самое ухо, так теперь я и вовсе оглохну от его воплей». Глохнуть мне не хотелось и я потерял сознание. </p>\r\n<p>Дальнейшее известно — я очнулся в лагере в Митрим, обнаружив присутствие Финдекано и отсутствие своей правой руки. Я ничего не сказал ему. Пусть он считает, что спас меня единственным возможным образом. Пусть он не знает ни о несосчитанных воронах, ни о пропущенных закатах, ни о так и не угаданном мною составе камня на самой верхушке соседней скалы. Это будет лишь со мной и это уйдет со мной в могилу. </p>\r\n<p>Я, Нельяфинвэ Майтимо Руссандол, в здравом уме и трезвой памяти, на исходе осеннего дня пишу эту рукопись. Надеюсь, никто ее не прочитает, кроме меня, ибо с тех пор как я взял перо в левую руку, мой почерк поймет разве что Румил, оставшийся за Морем. Я допишу последние строки и пойду любоваться закатом. Единственное о чем я жалею — что пропустил закат того дня, когда орел доставил нас в Митрим. Я ведь никогда не прощу Финдекано, если этот закат был красивее предыдущего. </p>\r\n'),
(11, 'Дверь', '2002-02-12', 1481562968, 'G', 'Дверь и Перекресток', 'Есть Перекресток — место, куда сходятся все дороги. А есть еще и Дверь. Что выбрать?', '', 'Посвящается Диэр', 2197, NULL, NULL, 'Джен', '<p>Есть Перекресток — место, куда сходятся все дороги. Тот, кто стоит на Перекрестке, знает, какую дорогу ему выбрать и, выбрав, идет по ней и ничто ему более не мешает. </p>\r\n<p>Однако рядом с Перекрестком есть и Дверь. Дверь — это не то, что перекресток дорог, она может помочь сразу попасть в желаемое место. Если захочет. Ибо дверь обладает разумом, странным и чуждым большинству выбирающих путь. </p>\r\n<p>Ты распахиваешь дверь и поражаешься великолепию мира, открывшегося за нею. Несколько минут, часов или даже дней ты счастлив, ты испытываешь такую полноту жизни, которой не видел доселе. И те, кто живут за дверью, разделяют твою светлую радость вместе с тобой. Однажды вы подходите к Двери... но тут она резко распахивается и ты попадаешь в иной, неведомый и страшный мир — серый затягивающий вихрь тащит тебя куда-то прочь от былого наслаждения. Когда водоворот пустоты вынесет тебя снова в пространство перед Дверью, ты уже не сможешь найти дорогу в мир, где был когда-то счастлив. Дверь не откроет его тебе. Да и ты начнешь сторониться Двери. </p>\r\n<p>В другой раз выйдет из Двери мудрый волшебник и поделится знаниями, и сотворит добрые чудеса... А потом Дверь распахнется еще раз и из нее вылетит сметающая все на своем пути орда полудиких тварей... Сегодня Дверь откроет тебе великие сокровища, а завтра лишит последнего. Она непостоянна — то ты ищешь и не можешь найти ее, то она встает на твоем пути, так что невозможно ее миновать, как бы ты не шел. </p>\r\n<p>Ее благословляют, но чаще всего — проклинают.  Ибо нет того, кто бы хоть раз не пострадал от опрометчивых решений Двери. Да и беспорядочные перемены рано или поздно надоедают. Хочется определенности, хочется самому выбирать свой путь, а не полагаться на чуждый разум неведомой твари. Но Дверь так просто не выпускает. Она показывает миражи, пугает странными видениями, бросает в разные непривычные места, так что ты уже перестаешь осознавать себя и не знаешь — ты ли это, или Дверь решает и думает за тебя. </p>\r\n<p>И только тот спасется от выходок Двери, кто придет на Перекресток и сам выберет свою дорогу. Ибо свободный выбор — это то, перед чем останавливается даже безрассудная натура Двери. Ибо она свой выбор потеряла уже много эпох и миров назад...</p>\r\n'),
(12, 'Вершина', '2000-07-03', 1481817634, 'G', 'Кто-то', 'Вся твоя жизнь — стремление к вершине.', '', 'Посвящается Кире Сакуйе', 1090, NULL, NULL, 'Джен', '<p>Вся твоя жизнь — стремление к вершине. Что бы ни встретилось на пути, ты не остановишься — тебя не прельстит ни уютный сад в долине, ни каменистый берег горной речки, ни палатка на краю ущелья... Вперед, только вперед, не оглядываясь! И ты тихо презираешь тех, кто не идет за тобой, кто не выдерживает, сворачивает на полпути и остается на своих, маленьких высотах. В чем-то они правы. Но прав и ты, не давая себе покоя.</p>\r\n<p>И вот вершина достигнута. Ты стоишь на крохотной площадке, где невозможно даже сделать шаг, и вокруг только ветер и солнце в вышине, и тогда ты подумаешь — а зачем я сюда шел? Затратить столько сил, отвергнуть столько соблазнов — и во имя чего? Во имя пустоты, царящей вокруг? Те, кто остался внизу, хоть имеют дом, а ты? Неужели все зря и пора возвращаться, разочаровавшись в достигнутой цели?</p>\r\n<p>Подожди. Не спеши отчаиваться. Ведь ты достиг того, о чем мечтал. А воля и терпение творят чудеса. Посмотри вдаль, послушай ветер, впитай в себя солнечные лучи — и лети. Вперед, к новым вершинам.</p>\r\n<p>Ведь пока ты стремился ввысь, ты и не заметил, как у тебя выросли крылья.</p>\r\n'),
(13, 'Дом', '2000-08-12', 1482001715, 'G', 'Кто-то', 'Что нам стоит дом построить? Прийти на голое место и создать из небытия новый дом, как новый мир.', '', 'Некоторым нелюбителям всего нового', 1358, NULL, NULL, 'Джен', '<p>Что нам стоит дом построить? Прийти на голое место и создать из небытия новый дом, как новый мир. Глядишь — уже есть и стены, и крыша и дымок из трубы свернулся калачиком в небе, напоминая о тепле и уюте. </p>\r\n<p>Но дома не строятся в одиночку. И вот тот, кто возвел стены, призвал себе на помощь всех, кто был рядом, сказав — это будет наш общий дом. И закипела работа. Один красил полы, другой вставлял стекла, третий сколачивал мебель... Общий дом и строился сообща. И тот, кто первым начал постройку, вместе со всеми участвовал в работе. Ведь это был его замысел, ведь это был его дом, дом для всех. И он был первым среди всех, и он настилал полы, клеил обои, покрывал ставни затейливыми резными узорами. </p>\r\n<p>И однажды он увидел роспись на фасадной стене. Увидел и ахнул — ему бы не пришло в голову такое сочетание красок и такой узор и не смог бы он так нарисовать... И тут же вспыхнула злость — как же он начал строить этот дом и уже кто-то превзошел его! Как вихрь, пробежал он по комнатам и все попрятались от громовых раскатов его голоса и от его пылающего взора. Не сметь! Не трогать! Не быть лучше меня!</p>\r\n<p>Дом был почти завершен. Но он быстро опустел. Так и стоял — пустой, никому не нужный, даже его строителю. А потом случилось очередное землетрясение и дома не стало. И вновь — голая земля, пустота кругом и никакого желания что-либо строить. Зачем?..</p>\r\n'),
(14, 'Подготовка', '2010-08-19', 1482005879, 'G', 'Гарри Поттер, Рон Уизли', 'Гарри и Рон готовятся к экзаменам по тайному проникновению и выслеживанию.', '', 'Ирме Баневой', 4728, NULL, NULL, 'Джен', '<p>Сливочного пива определенно было мало. Но Рон и Гарри твердо решили: пока не сданы все экзамены в школе авроров — никаких крепких напитков. Им и без огневиски весело, главное ведь не что ты пьешь, а с кем.</p>\r\n<p>— По заклятьям ты точно первым будешь, — с легкой долей зависти сказал Рон. — Все таки Сами-Знаете-Кого убил.</p>\r\n<p>— При чем тут Волдеморт? Его на экзамене точно не будет.</p>\r\n<p>Друзья рассмеялись, представив Волдеморта в качестве наглядного пособия.</p>\r\n<p>— А вот тайное проникновение и выслеживание ты не сдашь! — заявил Рон.</p>\r\n<p>Гарри посмотрел на него с удивлением.</p>\r\n<p>— Почему это не сдам? Помнишь, сколько раз я по школе незамеченным ходил? Мы вместе ходили!</p>\r\n<p>— Под мантией-невидимкой, — заметил Рон. — А где ты ходил незамеченным без мантии?</p>\r\n<p>Гарри серьезно задумался. Как-то ничего не припоминалось. Мало того — его засекали даже и под мантией. Например, Снейп и Крауч под личиной Хмури на четвертом курсе. Или Малфой на шестом. Похвастаться и вправду нечем. Оставалось только переходить в нападение:</p>\r\n<p>— А ты? Ты много где пробирался без мантии-невидимки?</p>\r\n<p>— А как же! — довольно улыбнулся Рон. — Я еще до Хогвартса дома пирожки из кухни таскал, а ты знаешь, какая моя мама на этот счет бдительная! Не меньше Хмури!</p>\r\n<p>Гарри не мог не согласиться. У него самого подобного опыта не имелось, потому как Дурсли были бдительнее Хмури и миссис Уизли, вместе взятых. Даже неповоротливый Дадли умудрялся появляться на кухне быстрее, чем Гарри дотронется до дверцы холодильника. </p>\r\n<p>Но потерпеть поражение не позволяла фамильная гордость Поттеров.</p>\r\n<p>— Ну и что? Мантия — это лучшее средство тайного проникновения! </p>\r\n<p>— А если у тебя не окажется при себе мантии?</p>\r\n<p>— Она всегда при мне! </p>\r\n<p>— А если ты ее одолжишь мне? Или Гермионе? </p>\r\n<p>Гарри пожал плечами.</p>\r\n<p>— Ты сам сказал, что тебе мантия не нужна, ты уже на пирожках своей мамы потренировался. </p>\r\n<p>Рон не унимался:</p>\r\n<p>— А спорим, что без мантии у тебя ничего не получится? </p>\r\n<p>— Пирожки у твоей матери таскать не буду, — тут же предупредил Гарри. И, поймав взгляд Рона, брошенный на барную стойку, добавил: — И сливочное пиво тоже. Можно еще купить, если ты так хочешь. </p>\r\n<p>Рон помотал головой — пива он больше не хотел. Он хотел взять Гарри на слабо, а тот никак не брался. </p>\r\n<p>— А просто пройти, чтобы тебя не заметили? </p>\r\n<p>— Ну вот на экзамене и пройду. Под разиллюзионным. Я вообще не понимаю, зачем этот экзамен. Мантия-невидимка меня никогда не подводила, а если понадобится выбраться в маггловский Лондон, меня не заметят, будь я даже в мантии и на метле.   </p>\r\n<p>Рон рассмеялся. Гарри непонимающе посмотрел на друга. </p>\r\n<p>— Ты чего? </p>\r\n<p>— Не заметят, говоришь? Спорим, заметят, если пролетишь на метле мимо окон? </p>\r\n<p>Гарри наконец-то вошел в азарт. </p>\r\n<p>— Да хоть мимо окна премьер-министра! — выпалил он. — На что спорим? </p>\r\n<p>— На десять галлеонов! — ответил Рон, и только потом сообразил, что попросил мало. </p>\r\n<p>На Даунинг-стрит решили аппарировать, поскольку на метле слишком далеко, а маггловским транспортом дорого. Да и с метлой неудобно. </p>\r\n<p>Прибыв на место, Рон сразу же надел мантию-невидимку, а Гарри оседлал метлу. На улице было достаточно светло, чтобы летать, а так же чтобы заметить любые неопознанные летающие объекты вроде ненормальных волшебников на метле. Но немногочисленные прохожие даже не поднимали головы. Подумаешь, что-то там летает. Вот когда оно спикирует и попытается отобрать кошелек, тогда и станут караул кричать, а так у всех своих дел полно. </p>\r\n<p>У премьер-министра, видимо, тоже было полно своих дел: по крайней мере, Гарри его не заметил ни в одном из окон. Для верности он пролетел по одному разу мимо каждого этажа, сделал круг над крышей, чудом не задев британский  флаг, и медленно спустился вниз. </p>\r\n<p>— Ну что? — сказал он Рону, встав на твердую землю. — Где их министр? И где его охрана? Если бы тут Упивающиеся смертью пролетели, их бы тоже не заметили! </p>\r\n<p>— А может, они тут уже были? И премьер-министра похитили и подменили, а мы ничего об этом не знаем? — предположил Рон, снимая мантию-невидимку.  </p>\r\n<p>— Раньше его Кингсли охранял, — вздохнул Гарри. — А потом только магглы. </p>\r\n<p>— Не беспокойтесь, — послышался до боли знакомый голос. — Кингсли и сейчас его охраняет. </p>\r\n<p>Друзья синхронно обернулись и уставились на министра магии, выходящего из дверей особняка маггловского премьер-министра. </p>\r\n<p>— И что вы здесь делаете, позвольте спросить? </p>\r\n<p>— Э-э-э... — Гарри не знал, что можно ответить, и поэтому сказал правду: — Готовлюсь к экзамену по тайному проникновению и выслеживанию. </p>\r\n<p>— Плохо готовишься, — ответил Кингсли. — Я тебя заметил, едва ты в воздух поднялся. А маггловский министр спиной к окну сидел, и я не дал ему повернуться. Так что тренируйся активнее и приходи в следующий раз. </p>\r\n<p>— А я? — с обидой спросил Рон.</p>\r\n<p>— И ты тоже. Кто отправляется на маггловскую улицу в мантии? </p>'),
(15, 'Уйти или остаться', '2002-03-21', 1482043273, 'G', 'Кто-то', 'Если бы можно было знать, куда уходить, мы бы ушли.', '', 'Саэнэру', 1179, NULL, NULL, 'Джен', '<p>Если бы можно было знать, куда уходить, мы бы ушли. А может быть — мы уже уходим, уходит постоянно, постепенно, так, что никто не замечает этого?  И реальность будет постепенно таять вокруг нас, и звездное небо захватит своей беспредельность, а потом дверь в комнату распахнется... а в комнате — никого. Только приглушенно гудит компьютер, да белый, ослепительно белый лист на экране монитора напоминает о нерассказанных сказках. Да полно, сказках ли? Они давно уже приходят сами, они больше нас самих, а значит — это не просто сказка, не просто чья-то досужая выдумка... А когда видений слишком много, а ты один — что можно выбрать? Один в пустой комнате, наедине с монитором и видениями, ты еще здесь, но тебя уже нет здесь. Ты открываешь одну за другой двери... звездная чернота бесконечной ночи... ярко-голубые окна озер неведомого мира... черные скалы бесприютного края... что из них твой дом? Куда ты уйдешь, когда не сможешь существовать в этом мире, рядом с единственным твоим электронным собеседником? И кто будет выбирать — ты выберешь свой путь или он выберет тебя? </p>\r\n<p>А когда ночь уйдет и ты тихо задремлешь в кресле, на белом экране не появится ни одной строчки... </p>\r\n'),
(16, 'Выбор', '1998-05-12', 1482049480, 'G', 'Я, любимая', 'Это было бы так легко — сделать выбор...', '', 'Нине Новакович (на Черную присягу)', 950, NULL, NULL, 'Джен', '<p>Это было бы так легко — сделать выбор...</p>\r\n<p>Это было бы так просто  — только бы знать, что выбирать. Между чем и чем. Черное — белое. Покой — движение. Жизнь — смерть. Но из всего многообразия красок взять только две — это тоже выбор. Сначала выбрать из чего. Потом выбрать <span class="italic">что</span>. </p>\r\n<p>А я не хочу такого выбора! Я не хочу себя ограничивать ни в чем. Одно из двух — это уже не выбор, это уже не свобода. Это узкая тропинка, зажатая меж глухих каменных стен и свобода только одна — вперед или назад... а мне не нужна такая свобода! Я хочу взлететь, подняться над этими стенами, чтобы видеть весь мир. Я хочу стучаться в каждое окно, я хочу войти в каждую дверь, я хочу пройти по каждой улице. Я хочу быть везде. Стать воздухом, дарующим жизнь каждому, ветром врываться в окна, нетерпеливым дождиком стучать по крыше, стать землей, опорой для всех... И пускай меня не замечают, пускай растворясь во всем, я потеряю себя, но я буду свободна. Это <span class="italic">мой</span>  выбор. </p>\r\n');
INSERT INTO `fanf` (`ficId`, `title`, `dateWrite`, `datePublish`, `raiting`, `pairing`, `summary`, `note`, `dedication`, `size`, `beta`, `coauthor`, `category`, `text`) VALUES
(17, 'Тол-ин-Гаурхот', '2002-05-23', 1482050060, 'G', 'Лютиэн/Берен', 'Лютиэн приходит на Тол-ин-Гаурхот', 'Из цикла "Лэйтиан. На обочине судьбы"', '', 4962, NULL, NULL, 'Джен', '<p>Лютиэн никогда раньше не была в крепости на острове Тол-Сирион. Но, даже если бы и была, смогла бы она сориентироваться здесь сейчас, когда после нескольких долгих лет владычества Саурона этот замок фактически стал другим, а сейчас рушился и потерял свой облик окончательно? </p>\r\n<p>Ее сейчас мало волновало то, на что стала похожа бывшая крепость Минас Тирит. Она мало что замечала вокруг и никто не замечал ее. Единственная ее мысль сейчас была о Берене и, если бы она не цеплялась за эту мысль сейчас, то потеряла бы остатки своей силы и рухнула бы прямо здесь, во дворе разрушенной крепости. Удивительно — как ей удалось не просто потягаться в силах с Сауроном, но и одолеть его? Даже при помощи Хуана? Впрочем, и об этом она сейчас не думала. </p>\r\n<p>Лестница вела вниз. Даже не дверь — черный провал куда-то в глубину. Лютиэн стало жутко. Сознание говорило, что ничего страшнее того, что она видела, она уже не увидит, но спускаться почему-то не хотелось. Однако ей нужно было именно туда и она вошла в провал. </p>\r\n<p>Темнота. Смрад и темнота. Темнота никогда не была Лютиэн помехой, а вот остальное... Как такое вообще может быть на свете? Как такое может стоять на земле и земля выдерживает это? И сколько еще идти по этой бесконечно лестнице и не есть ли это подземелье туннель, ведущий прямиком в Ангбанд? Что за наваждение! Не может быть здесь такого туннеля. И не должно быть так жутко — ведь власть Саурона над этим островом уже кончилась. Власть кончилась, а вот стены ее еще помнят. И хорошо помнят...</p>\r\n<p>Как можно забираться так глубоко под землю? Это ведь не природная пещера, что что-то сделанное искусственно и поэтому чуждое земле. Ни в Менегроте, ни в Нарготронде нет такого ощущения — как будто ты спускаешься куда-то к самым корням земли и ни солнца, ни неба более не существует. Да кончится когда-нибудь это спуск или нет?</p>\r\n<p>Лестница закончилась. Держась за стенку, Лютиэн направилась по узкому коридору — он тоже спускался вниз, но более полого. Наконец, она вошла в низкую полукруглую пещеру, дыру в земле, где, кажется, было еще темнее, чем в других подземельях замка. Где же он? Неужели все зря?</p>\r\n<p>— Берен! — тихо позвала она.</p>\r\n<p>Никто не откликался. Он здесь, она это знала. Он был здесь долгое время и не один. </p>\r\n<p>— Берен? </p>\r\n<p>Неужели он мертв? Неужели все кончено? Нет, не может быть такого, она не верит в это!</p>\r\n<p>Неужели это подземелье отняло у нее всякую способность видеть?</p>\r\n<p>Он сидел у стены, неподвижно, словно мертвый. А рядом с ним лежал Финрод Фелагунд и голова его покоилась у человека на коленях. </p>\r\n<p>Лютиэн замерла. Как?.. Финрод — здесь? Он хотя бы жив? </p>\r\n<p>Если бы она пришла хоть чуть-чуть пораньше!</p>\r\n<p>— Берен, очнись, это я!</p>\r\n<p>— Лютиэн...</p>\r\n<p>В его голосе не было радости. И ничего не было. Даже боли. Боль уже вся кончилась. </p>\r\n<p>А вот для нее все только начиналось...</p>\r\n<p>Понять, что произошло, было нетрудно. К кому мог Берен пойти за помощью? Только к Финроду. Почему она раньше не догадалась? Надо было послать кого-нибудь в Нарготронд разузнать новости... Неужели она ничего бы не придумала!.. В каком же оцепенении находились все они тогда...</p>\r\n<p>Так вот почему Келегорм и Куруфин смотрели на нее так странно, когда они повстречались за Тейглином! Как она только могла им довериться? Собственные же слова сыграли с ней злую шутку — она ведь так упорно убеждала все, что эльфы должны быть союзниками перед лицом врага, что даже сыновья Феанаро не могут причинить никакого зла и не стоят их опасаться... Она ведь обрадовалась как дитя, встретив братьев. Ну и что, что сыновья Феанора? Все уже в прошлом — и резня и клятва.. а сейчас они враги одного врага и она может рассчитывать на их помощь. А помощь ей ох как была нужна... </p>\r\n<p>Даже находясь в Нарготронде она еще ни о чем не догадывалась. Или уже догадывалась? Ведь она спрашивала у Келегорма, где Финрод и Ородрет и почему те не встретят ее, а он отвечал уклончиво, а потом удалился и оставил ее в одиночестве надолго. У нее даже появилась бредовая мысль, что это какой-то другой Нарготронд, не тот, где она когда-то была в гостях, и где правит Финрод Фелагунд, ее самый любимый родич. Как она радостно говорила когда-то: «У меня не было братьев, а теперь их четверо! Я так счастлива!». Уже не четверо. Уже только один. И с ним она так и не повидалась в Нарготронде...</p>\r\n<p>— Берен, этот замок сейчас рухнет. Пойдем отсюда.</p>\r\n<p>Он посмотрел на нее, словно не видя, и опять перевел взгляд на мертвого Финрода. </p>\r\n<p>Почему она не пришла раньше! Не надо было ехать в Нарготронд, понадеявшись на помощь, которой она все равно не получила, надо было спешить сюда, ведь она уже знала, что Берен здесь! Откуда же могла она знать... Или это тоже судьба? Судьба привела Берена в Дориат, судьба свела их вместе. А Финрод...</p>\r\n<p>Нет, не стоит об этом думать. Не стоит думать о том, чего уже нет.</p>\r\n<p>Лютиэн взяла Берена за руку, пытаясь поднять ее с земли. Сначала он так и сидел неподвижно, но потом встал сам и, держа тело Финрода на руках, направился за ней к выходу из подземелья. </p>\r\n<p>А ведь они не прошли еще половины пути...</p>\r\n');
INSERT INTO `fanf` (`ficId`, `title`, `dateWrite`, `datePublish`, `raiting`, `pairing`, `summary`, `note`, `dedication`, `size`, `beta`, `coauthor`, `category`, `text`) VALUES
(18, 'Автобус из Азкабана', '2008-10-20', 1482163488, 'G', 'Ролевики и глюколовы', 'Вот едешь ты в автобусе и приходит тебе в голову любимый персонаж... Но ты уже опытный и знаешь, что с ним делать.', 'Написано по мотивам реальной жизни', '', 26240, NULL, NULL, 'Джен', '<p>В субботу двенадцать часов дня — это еще утро. Кому-то раннее, кому-то позднее, а кому-то вообще глубокая ночь. Я к последним не отношусь, у меня по выходным спать до двух дня не получается. Полдень — самое время для того, чтобы успеть проснуться, позавтракать и, сидя за компьютером и проверяя, что нового написали за ночь, прикидывать планы на сегодняшний день.</p>\r\n<p>Не хотелось сегодня никуда ехать. Вот абсолютно не хотелось. Тем более в Сестрорецк, тем более вместе с Нарвен. Но что я могла поделать, если Нарвен и Меллиирис обе уперлись и жаждут личной встречи? И непременно сегодня.</p>\r\n<p>— Может, не стоит ехать в такой мороз? — спросила я Нарвен вчера по телефону.</p>\r\n<p>Она засмеялась.</p>\r\n<p>— Разве ж это мороз? Завтра обещали минус пятнадцать.</p>\r\n<p>Да, по сравнению с минут тридцатью во вторник это действительно можно считать теплом. Когда речь идет о погоде, «тепло» и «холодно» — понятия относительные.</p>\r\n<p>Вот именно что относительные!</p>\r\n<p>— Ты же не просто так туда едешь! Ты за котенком едешь! Он замерзнет по дороге!</p>\r\n<p>— Не замерзнет, — весело ответила Нарвен. — Я его за пазухой повезу. Что ты беспокоишься, Мелли ведь писала, что Северус — животное выносливое и свое имя вполне оправдывает.</p>\r\n<p>В конце концов — мне-то какое дело? Если Нарвен хочет замерзнуть сама и заморозить котенка — хоркрукс ей в руки и Волдеморта навстречу. Я обещала ее довезти — и довезу. Можно было, конечно, не ехать, а остаться дома, но вдруг они подерутся? Или просто не поймут друг друга? И потом, именно я дала Нарвен ссылку на сообщение Мелли о раздаче котят... Связующая, блин! Никуда от своего Предназначения не деться, даже несмотря на то, что я изображаю мирного фанфикера, которого кроме Роулинг на этом свете ничего не интересует. Ну еще немножко Толкин и немножко аниме. Перестав быть толкинистом, быть Перекрестком я не перестала. В тусовке кого только нет — эльфы, гномы, даже Мелькоры встречаются, а я вот Перекресток. И если доказать, что ты Феанаро или Мелькор почти невозможно — ну где в этом мире взять Сильмариллы — то Перекрестком можно быть и здесь. Приводить народ в тусовку и знакомить между собой — мое любимое занятие. Даже когда я об этом не думаю и этого не хочу. Все равно само собой получается.</p>\r\n<p>Но вот стоит ли знакомить Меллиирис и Нарвен, я не уверена. Нарвен скептически относится к внемировым глюкам, а Мелли считает «Гарри Поттера» детской книжкой. Все мои попытки ее увлечь окончились тем, что она стала называть именами персонажей Роулинг своих кошек. Банни, с которой она живет, более перспективна в этом плане, но я не настолько слэшер, чтобы с ней общаться. Я канонист и не способна воспринимать мир, где все спят со всеми без различия пола и возраста. Нарвен, кстати, тоже.</p>\r\n<p>Из размышлений меня вывел звонок мобильника.</p>\r\n<p>— Ну что, едем?</p>\r\n<p>На вопрос, заданный тоном отправляющегося в очередное приключение гриффиндорца, отрицательный ответ и не подразумевался.</p>\r\n<p>— Едем. Встречаемся через час, метро «Черная речка», на выходе с эскалатора.</p>\r\n<p>Когда договоренность о времени встречи достигнута, время идет не только быстрее, но и продуктивнее. И настроение сразу подымается. Если бы осталась дома — так и сидела весь день, тупо шаря в поисках новостей, не в силах ни фанфик продолжить, ни что приличное прочитать... А после трех дней тридцатиградусных морозов моя комната по температуре воздуха напоминает камеру в Азкабане.</p>\r\n<p>Когда я вышла на улицу, выяснилось, что пятнадцать градусов — это почти не страшно. Можно спокойно дойти до остановки и даже некоторое время на ней стоять, ожидая трамвая, а не нестись к метро, подобно ядерной боеголовке. И предстоящая поездка в Сестрорецк уже не выглядела такой страшной. На электричку мы не пойдем, а в автобусе жить можно.</p>\r\n<p>В автобусе нам удалось даже сесть — не помню, когда такое бывало в последний раз на этом направлении. Обычно я пугаюсь клубящейся на остановке толпы и иду на маршрутку. Сэкономленные сорок или даже пятьдесят рублей не стоят моего спокойствия. Но к нашему счастью, на остановку пришли самые стойкие, как раз примерно столько человек, сколько сумел вместить в себя автобус. Мы уселись на одном из лучших мест — я у окошка, Нарвен рядом и принялись обсуждать последние новости.</p>\r\n<p>— Ты видела мой последний кусочек? — спросила я.</p>\r\n<p>— Это который ты вчера выложила? Про Азкабан? Видела. Жуть!</p>\r\n<p>— В смысле — так плохо написано?</p>\r\n<p>— Наоборот! Тебе самой не страшно было писать?</p>\r\n<p>Что тут ответишь? И правда — страшно. Так, что словами не выразить. Да еще сейчас, в наполненном зимним солнцем автобусе. В четверг, когда я писала про Барти в Азкабане, мне действительно было жутко. В довершение ко всему погасло электричество — проводка дома, построенного в конце пятидесятых, не выдержала нагрузки — и фанфик писался в блокноте при свече. Когда вчера я перечитывала написанное, было полное ощущение, что меня перенесли ТУДА... Но весь ужас и весь холод остался в тексте, что я чувствовала, когда писала — просто не помню. И рассказать не могу.</p>\r\n<p>Но несмотря на это, Нарвен меня поняла. Фанфикер фанфикера всегда поймет. Это Меллиирис я так и не смогла объяснить, что писать бывает гораздо интереснее, чем играть, и даже больше того — чем энергуйствовать. Когда игра закончилась, ты можешь только вспоминать, что там было, но воспоминания сохраняют едва ли десятую часть прежних ощущений. А текст — вот он, перечитываешь и снова окунаешься в атмосферу иного мира. И не только сам — еще и с другими делишься. Оценить адекватно игру могут только те, кто там был, а фанфик — любой, кто его прочитает.</p>\r\n<p>И должен же после тебя остаться какой-то след, в конце концов!</p>\r\n<p>— А почему именно Барти? — вдруг спросила Нарвен. — Ты ведь не первый фик про него пишешь.</p>\r\n<p>Я пожала плечами.</p>\r\n<p>— Если бы я сама знала, почему. Он на меня сам свалился. Когда я только начинала писать, у меня в голове сама собой возникла идея первого фика.</p>\r\n<p>— Так безо всякого повода и возникла?</p>\r\n<p>— Была пара фраз в обсуждении фильма, в чьем-то фанфике... Но то, что получилось, ни с чем в итоге не совпало. Ты же знаешь, как сами персонажи приходят!</p>\r\n<p>На этот раз плечами пожимает уже Нарвен.</p>\r\n<p>— Я всегда могу объяснить, почему мне тот или иной персонаж нравится.</p>\r\n<p>— Ты можешь объяснить, что он из себя представляет! Но почему именно он?</p>\r\n<p>Поневоле мы повышаем голос, и к нам начинают прислушиваться. Бабка на сиденье впереди, сидящая в обнимку с тяжелым рюкзаком, уже два раза оглядывалась.</p>\r\n<p>Это мы еще к самому главному не подступили! Помню, лет пять тому назад мы с Найрис ехали в троллейбусе и обсуждали предстоящую кабинетку по «Лэйтиан». Когда речь зашла о темницах и пытках, народу рядом с нами явно поубавилось... Интересно, на Азкабан окружающие так же будут реагировать?</p>\r\n<p>— Это тоже можно объяснить. Либо в нем есть те черты, которых мне больше всего не хватает, либо, наоборот, он похож на меня.</p>\r\n<p>— Вот у меня с Барти, похоже, что второе, — задумчиво проговорила я, глядя в окно. За окном тянулась нескончаемая полоса хвойного леса — припорошенные снегом темно-зеленые ели. До Горской еще не доехали, судя по всему.</p>\r\n<p>— Да ты на него совсем не похожа! У твоего Барти слабый характер, он готов повестись на любого, кто сильнее его!</p>\r\n<p>— Ты меня десять лет назад не видела. И не такой он слабый. Сам не может найти жизненные ориентиры — это да. Но если ему дать направление — сделает все, что в его силах, и даже немного больше.</p>\r\n<p>Мы опять сменили тему, но это дело обычное в подобных разговорах. Если на что-то не успеваешь дать ответ сейчас, то успеешь потом. Или ответ сложится сам — из разговоров в сети и фраз в фанфике. У нас с Нарвен постоянно так бывает — поэтому мне с ней и легко.</p>\r\n<p>До Горской мы обсуждали Барти — чем мой персонаж отличается от канонического, чем он отличается от меня, а когда миновали развязку, Нарвен вдруг спросила:</p>\r\n<p>— Ты говорила, что вы с Меллиирис раньше ловили глюки и сейчас она тоже этим занимается. Я так и не понимаю, что это такое.</p>\r\n<p>Ну вот, начинается...</p>\r\n<p>— А чего тут понимать? Идеи для фиков как тебе приходят? Ты ведь и не думаешь, что конкретно хочешь написать, а потом — бах! — и сваливается идея. И целые пласты событий, которых просто неоткуда было взять — в каноне подробно не прописано!</p>\r\n<p>— Ну так то идея, а то целый мир.</p>\r\n<p>— А писатели-фантасты как свои миры придумывают? Не думаю, что рассчитывают на компьютере.</p>\r\n<p>Нарвен на мгновение задумалась — видимо, пытаясь понять, как рассчитать мир на компьютере. Тема довольно скользкая — не знаю, как фантасты придумывают миры. Я сама еще ни одного мира не придумала, и не увидела. Если не считать отражения Земли, где сняли аниме по Дайниарту под названием «Вершители». Жаль, мы с Мелли не умеем рисовать в стиле аниме, а то бы изобразили наиболее яркие эпизоды. Пока что ограничились описанием списка персонажей и отдельными кусками сценария, которые я вставила в одну свою фэндомскую повесть. Получилось нечто среднее между «Сейлор-Мун» и «Трансформерами». Хотелось бы мне это посмотреть...</p>\r\n<p>— Ты говорила, что Меллиирис ничего не пишет.</p>\r\n<p>Я вздохнула. Как бы мне хотелось, чтобы я ошибалась!</p>\r\n<p>— Говорила. Не пишет, потому что лень. Столько раз начинала и ни разу не закончила.</p>\r\n<p>— А ты?</p>\r\n<p>— А я не могу о Дайниарте писать. Я подробностей не вижу. Мне проще опираться на уже описанное — Толкина, Роулинг...</p>\r\n<p>— Но ведь ты писала в «Пленнице Звездной Империи» о Дайниарте?</p>\r\n<p>— Во-первых, в большей степени о «Вершителях». Во-вторых, я писала о фэндоме Дайниарта — о нем писать гораздо проще. В-третьих, Мелли мне помогала.</p>\r\n<p>Нарвен опять задумалась. Не нужно было никакой легилименции и никакого пророческого дара, чтобы понять, о чем она сейчас спросит.</p>\r\n<p>— А то, что у тебя в повести описано, на самом деле было? Дайниарт на самом деле существует?</p>\r\n<p>Сколько раз мы подходили к этому вопросу — и обходили его стороной. Хотя я и писала в своих статьях неоднократно, чем я считаю наши миры, но писать — одно, а сказать в откровенном разговоре один на один — совсем другое.</p>\r\n<p>— Помнишь, у меня в повести объяснялась теория информационной вторички? Это все образы, которые может создать фантазия. Они обретают самостоятельное существование на так называемой Дороге Возможностей — Дайнэр. Все наши фанфики там тоже есть. Дайниарт же — это вселенная вообще и все связи между мирами, которые в ней существуют. Вроде Эа у Толкина.</p>\r\n<p>— Так оно существует на самом деле, или это информационная вторичка? — не унималась Нарвен.</p>\r\n<p>Бабка впереди еще раз на нас оглянулась и неодобрительно поджала губы. Вот интересно, почему компания мужиков в середине салона никаких нареканий не вызывает? Мы говорим хоть и непонятно, но тихо и мирно, а они после рыбалки, на которой наверняка грелись спиртным, двух слов без мата связать не могут.</p>\r\n<p>— А это нельзя сказать достоверно, пока мы здесь. Я знаю только одно — информация никуда не пропадает. Если мы здесь и сейчас что-то делаем в Дайниарте, все это где-то сохраняется. Даже если там, — легкий кивок головой в сторону безоблачного неба, — реально ничего не изменилось, наши старания даром не пропали. Ничего не пропадает.</p>\r\n<p>— Это я могу понять, — медленно, обдумывая каждое слово отвечает Нарвен. — То, что информационная вселенная существует — очень правдоподобно. А персонажи, там обитающие, не соберутся в кучу и не пойдут убивать фанфикеров?</p>\r\n<p>— А за что нас убивать? Мы им жизнь даем.</p>\r\n<p>Справа впереди уже показались желтые невысокие здания. Подъезжаем к Сестрорецку, еще две остановки — и выходим. А мне еще с Горской не давало покоя какое-то странное ощущение. Как будто что-то хочешь вспомнить, а не вспоминается. Вертится где-то близко, а не поймать, не прикоснуться... Мне же ничего вспоминать сейчас не надо, я еду себе спокойно в автобусе, что мне не дает покоя? Или кто?</p>\r\n<p>Кажется, я даже понимаю, кто. Но как же не вовремя!</p>\r\n<p>Но это мне не вовремя. А ему как раз. О ком я тут всю неделю думала? И не только неделю — несколько месяцев перед этим? Куда ему еще идти? А существует или не существует информационная реальность — это дело десятое. Он точно существует, я его чувствую...</p>\r\n<p>— Как... холодно, — говорю я не своим голосом.</p>\r\n<p>Нарвен сначала не понимает, в чем дело.</p>\r\n<p>— Да ты что, совсем не холодно! В дубленке-то!</p>\r\n<p>— Холодно, — повторяет он. Слов Нарвен он просто не слышит.</p>\r\n<p>— Эйсет, что с тобой? — До нее наконец-то доходит, что что-то не то.</p>\r\n<p>Мелли бы сразу поняла... А Нарвен и не поверит...</p>\r\n<p>Но мне сейчас все равно, поверит или нет.</p>\r\n<p>— Где я? — Он вертит головой, пытаясь понять, где находится. Удается плохо.</p>\r\n<p>— Так вроде подъезжаем уже, — Нарвен совсем растерялась. — Эйсет, ты что?</p>\r\n<p>Контролировать носитель я еще могу, а вот говорить что-то осмысленное — нет. Поэтому я просто беру Нарвен под руку и поднимаюсь с сиденья. Одной частью сознания я отслеживаю происходящее здесь — бабку, которая очень недовольно на нас смотрит и даже облегчения не нарисовалось на ее одутловатом лице, когда мы наконец-то стали протискиваться к выходу, рыбаков, о чью коробку я чуть не споткнулась, за что меня обматерили, двери автобуса, открывшиеся перед нами... А вот вторая была не здесь. Вторая часть сознания была с ним.</p>\r\n<p>За годы практики общения с иномировыми сущностями мне очень легко представить, что сейчас видит он. Была — пустота и полная потеря себя. Даже не скажешь — ощущение потери, как можно что-то ощущать, если тебя нет. Просто — прочерк, просто — дыра в ткани Мироздания. И вдруг серая пелена резко сменилась ослепительно голубым небом и золотым песком Дороги. А навстречу по Дороге идет девушка с серебряными волосами и в платье цвета зари... А сквозь мой дорожный облик он, так же, как и я, краем сознания, видит нашу реальность — город Сестрорецк, отъезжающий от остановки автобус и растерянную Нарвен рядом. Но видит неотчетливо и осознать, что же он такое видит, не может. И тем более не может осмысленно разговаривать. И я не могу — боюсь разорвать только-только родившуюся связь. У него же сейчас ничего нет, кроме меня и Дороги, но Дорога его держит только потому, что на ней я — Хранительница Перекрестка. Если я его отпущу, он бросится бежать и окажется в пустоте, потому что еще не привык к Дороге...</p>\r\n<p>До квартиры Банни я добираюсь на автопилоте. Нарвен за мной еле поспевает, но еще раз спросить, что случилось, не осмеливается. Довольно того, что я иду впереди и показываю дорогу. В домофон я буркнула нечто маловыразительное, но меня пропустили, узнав на расстоянии. Зачем нам легилименция? Тем более что нас и в окно можно было заметить.</p>\r\n<p>Переступив порог квартиры и едва не наступив на Люциуса, я наконец-то вспоминаю, как разговаривать.</p>\r\n<p>— Мелли! Ты мне нужна срочно!</p>\r\n<p>Мелли не спрашивает, что случилось. Ей достаточно одного взгляда, чтобы понять, что гостей к ней пришло больше, чем было заявлено.</p>\r\n<p>— Нарвен, привет, — говорит она так, как будто они прекрасно знакомы. — Иди в комнату, Банни покажет тебе кисок. А мы в кухню пойдем.</p>\r\n<p>Само присутствие Мелли помогает мне навести порядок в мозгах — отделить себя от вселенца, а вселенца удержать на Дороге. Отдавать ему полностью контроль над носителем я не хочу — он не в том состоянии. Это вам не Финдекано, который как-то проторчал в моем носителе целый день с утра до вечера, когда мы с Найрис и компанией ездили на Финский залив смотреть полигон под однодневную игру. Можно было подумать, что еще не растаявший в начале апреля лед вызовет у эльфа печальные воспоминания, но я плохо знала эльфов. Или заразилась гулявшим по тусовке предрассудком, что все нолдор должны страдать — кто из-за Клятвы, кто — из-за предательства родичей... Он не то что не страдал, он радовался так, как не умеет радоваться никто из людей! Всему, чему видел: соснам на берегу, пробивающейся из-под снега зеленой траве, горке на детской площадке...</p>\r\n<p>А нынешний вселенец не радуется. Он боится. Еще бы, учитывая, откуда я его вытащила!</p>\r\n<p>Я сажусь на свое обычное место — на стул в углу справа от стола и у самого окна. Когда окно открывают, чтобы покурить, сидящий на этом стуле оказывается как будто в клетке. Но сейчас холодно, и Мелли курит при закрытом окне. Я-то уже привыкла, за все время нашего знакомства, а вот вселенец...</p>\r\n<p>— Как тебя зовут? — спрашивает Мелли после очередной затяжки</p>\r\n<p>— Барти Крауч... младший.</p>\r\n<p>Ему, как всегда, с трудом удается последнее слово. Он не хочет быть младшим. Он хочет быть единственным. Чтобы, называя имя, не приходилось его уточнять.</p>\r\n<p>— А я Меллиирис. Ты сейчас находишься в носителе Эйсет Рассветной. А носитель находится в Сестрорецке...</p>\r\n<p>Он пока что ничего не понимает даже про меня, не говоря уж о Сестрорецке.</p>\r\n<p>— Холодно, — говорит он.</p>\r\n<p>Несмотря на мороз за окном, в квартире почти тепло. Тем более в свитере. Но Барти имеет в виду совсем другой холод... </p>\r\n<p>— Ты помнишь, откуда ты пришел?</p>\r\n<p>Он испуганно смотрит на Меллиирис. Кого-то в ней узнал? Или ему просто не по себе?</p>\r\n<p>— Помню, стало жутко холодно, а потом больше ничего не было...</p>\r\n<p>Пока вселенец соображает, что отвечать, я поневоле прислушиваюсь к разговору в комнате. Дверь девчонки за собой не закрыли, а голос у Банни звонкий, как и положено сейлор-воину.</p>\r\n<p>— К нам приходил ветеринар кастрировать котов, но Сириуса мы так и не смогли поймать.</p>\r\n<p>— А Волдеморта?</p>\r\n<p>— А Волдеморта мы не хотим кастрировать. Он смотри какой крупный, еще помрет от ожирения! Люциуса кастрировали, хотя ему это и не надо — он девочками не интересуется. Один раз попытался пристать к Белле, получил когтями по морде и с горя отымел Сириуса.</p>\r\n<p>Нарвен смеется.</p>\r\n<p>— У вас прямо фанфик какой-то!</p>\r\n<p>— У нас тут по жизни фанфик!</p>\r\n<p>С этим я целиком и полностью согласна. У нас сейчас с Барти тоже фанфик, причем жанра ангст.</p>\r\n<p>— Я не хочу туда снова, — говорит он. — Там холодно очень, там нет света и никогда не было, там словно и не существуешь, и при этом осознаешь, что раньше было по-другому и не можешь понять — как...</p>\r\n<p>— Ты туда не вернешься, — успокаивающе произносит Меллиирис, — мы отправим тебя в Ильмариэн, там хорошо...</p>\r\n<p>Он не понимает. Разумом мог бы понять, но разум у него не работает. А пользоваться моим еще не научился.</p>\r\n<p>— Вроде бы там и нечего было помнить, ведь ничего и не было! Только пустота и холод. Но все остальное, вся жизнь, будто замерзла и съежилась там, в углу камеры, и я не могу ее оттуда достать... Я сам теперь не знаю, кто я, что я здесь делаю...</p>\r\n<p>Барти останавливается перевести дух, и мне удается влезть:</p>\r\n<p>— Мелли! Я поняла — в нем застрял кусок Азкабана! Он не то что забыть о нем не может — он постоянно чувствует, как будто дементор рядом!</p>\r\n<p>— Ну, с учетом того, откуда ты его вытащила, это неудивительно.</p>\r\n<p>— А что же с ним делать?</p>\r\n<p>Мелли искренне удивляется моему недоумению.</p>\r\n<p>— Как что? Чистить Оранжевым Светом от Пустоты!</p>\r\n<p>— Э, нет! — возражаю я. — Ты мне вселенца погубить хочешь? Он же не выдержит, он слабый совсем! Я понимаю твою любовь к радикальным хирургическим методам, но может, как-нибудь по-другому?</p>\r\n<p>Барти я прекрасно понимаю. Даже как человек, а не как Перекресток. Сколько раз у меня такое было — застрянешь на каком-то неприятном моменте из жизни и никак из себя эти воспоминания не вытряхнешь. Уже не они тебе, а ты им принадлежишь. Спасаешься только новыми впечатлениями, но только тогда, когда готов их принять. А Барти не готов. Он вообще ничего воспринять не способен.</p>\r\n<p>— Знаешь что, — Мелли наконец-то соображает, что делать, — я Кинрена позову.</p>\r\n<p>А вот это хорошая идея. Действительно хорошая. Кинрен Саитто, Мастер Иллюзий, хранитель Ильмариэна — именно тот, кто в данный момент Барти и нужен, кто сможет помочь безо всякого хирургического вмешательства. Кинрена вся наша старая компания нежно любит. Он появился совершенно неожиданно — когда Мелли придумала сюжет аниме, а потом поставила по нему игру. Вдохновила ее Сейлор Мун, но от оригинала в итоге осталось всего ничего — разве что идея демонов и борцов с ними в облике обыкновенных девочек. Но что это были за демоны, и что это были за девочки! Один Кинрен, Демон Иллюзий, чего стоит! Он полная противоположность Мелли: она — огненная, неистовая, порывистая, он — спокойный, мягкий, лиричный... Если кто-то упорно не верит во вселенцев, ему достаточно показать сначала Мелли, а потом Кинрена в том же носителе, чтобы он убедился в своей неправоте.</p>\r\n<p>— Зови, — радостно отвечаю я и снова настраиваюсь на Барти.</p>\r\n<p>Кинрену даже объяснять ничего не надо, он все видит. А может, взял из памяти Мелли, у них это дело обычное.</p>\r\n<p>Он садится на табуретку рядом со мной, согнав оттуда Сириуса, и берет меня за руку. Не меня — Барти. Ему страшно, ему мучительно хочется кому-то довериться, но Мелли его пугает, а вот Кинрен...</p>\r\n<p>— Не давай пустоте места в своей душе, и она не поглотит тебя, — мягко говорит Кинрен.</p>\r\n<p>— Мне кажется, она меня уже поглотила...</p>\r\n<p>— Я выведу тебя оттуда. Посмотри — над Дорогой светит солнце, здесь нет места пустоте. Оставь прошлое в прошлом. Есть множество миров, где можно начать жизнь сначала.</p>\r\n<p>Слова Барти мало успокаивают, но слова — это не главное. Для Мастера Иллюзий слова — не единственный способ воздействия, и точно уж не главный. Они только здесь нужны, чтобы отслеживать происходящее там.</p>\r\n<p>Барти окутывает серебристый туман — не серое марево Пустоты, а светлая дымка с едва заметными искорками, — он постепенно успокаивается и начинает засыпать... Я слежу за ним и одновременно — за двумя котятами, устроившими возню на полу, и только поэтому не засыпаю сама.</p>\r\n<p>— Это ненадолго, — говорит Кинрен. — Проснется — будет помнить Азкабан как что-то прочитанное в книге.</p>\r\n<p>— А собственную жизнь он помнить будет?</p>\r\n<p>— Конечно. Эйсет, я никого не лишаю свободы выбора.</p>\r\n<p>— Я не хотела бы, чтобы он еще раз выбрал Волдеморта, — вздыхаю я.</p>\r\n<p>— Смотря какого! — подает голос Банни. — Нашего — сколько угодно!</p>\r\n<p>Я поворачиваю голову в сторону коридора и вижу стоящих в дверях Банни, Нарвен и весь выводок кошек вокруг них. Интересно, много они успели увидеть? И что из этого успели понять? Банни-то в курсе, а вот Нарвен...</p>\r\n<p>Вышеупомянутый Волдеморт — большой черный сибиряк — вальяжной походкой направляется ко мне и забирается на колени. Хорошо, Барти этого не видит! Он бы не оценил юмора. Как можно такого красивого, а самое главное — ласкового и интеллигентного кота назвать Волдемортом! Вот Беллатрикс своему имени больше соответствует — в очереди на еду она всегда первая, а посягнувший на ее кусок рискует получить по морде. По наглой рыжей малфоевской морде.</p>\r\n<p>Нарвен только собирается спросить, что это было, как ее опережает Мелли:</p>\r\n<p>— Чаю хочу!</p>\r\n<p>Сейчас это точно Мелли — Кинрен остался на Дороге вместе с Барти.</p>\r\n<p>Вчетвером вокруг небольшого стола, придвинутого к стене, разместиться трудно, но нам это удается. Не в первый раз.</p>\r\n<p>— Могли что-нибудь к чаю и принести, — ворчит Мелли.</p>\r\n<p>— Когда бы я тебе принесла? — возражаю я. — На меня Барти прямо в автобусе свалился! Причем в таком состоянии, как будто только что из Азкабана!</p>\r\n<p>— Ага, автобусом из Азкабана, — смеется Банни. — Прямой рейс Азкабан — Сестрорецк.</p>\r\n<p>— Так это был Барти? — спрашивает Нарвен. — Я о чем-то в таком духе подумала...</p>\r\n<p>Теперь моя очередь удивляться.</p>\r\n<p>— Ты же не веришь во вселенцев!</p>\r\n<p>— Ну не то что не верю, — медленно произносит Нарвен, — когда я твои рассказы читала, то думала, что это вымысел, выдача желаемого за действительное. Но там в автобусе и вправду была не ты, я почувствовала.</p>\r\n<p>Похоже, я ее недооценивала...</p>\r\n<p>— Я другого не понимаю, — продолжает Нарвен. — Допустим, это все есть на самом деле — иные миры, Дороги, и возможность поддерживать с ними связь здесь и сейчас. Я могла бы понять, если бы ты вытащила Снейпа, Люпина или кого-нибудь еще. Но ведь Барти не просто погиб! Его дементор поцеловал, а это полная и окончательная смерть души!</p>\r\n<p>На этот вопрос у меня уже есть ответ.</p>\r\n<p>— Помнишь, несколько лет назад на «Арде на Куличиках» была статья о Черной Книге? Я еще опровержение на нее писала, но так и не закончила.</p>\r\n<p>— Я помню, — вмешивается Меллиирис, — ты мне ее давала. Там совершенно убойные эпиграфы.</p>\r\n<p>— И я в противовес к ним в своем опровержении взяла эпиграфы из Солженицына, — подхватываю я. — В статье доказывалось, что Мелькор — это сатана, и помимо всего прочего было утверждение, что темные эльфы и люди, бывшие его учениками, на самом деле умерли. Окончательно и бесповоротно.</p>\r\n<p>— Статью смутно припоминаю, — говорит Нарвен, — она по размеру сравнима с самой «Черной Книгой». Но конкретно этого рассуждения не помню.</p>\r\n<p>— Конкретно в этом рассуждении логическая ошибка. Об уничтожении души можно говорить только находясь внутри мира. Можно сказать так на Земле о Сатане, на Арде — о Мелькоре, но на Земле сказать о Мелькоре нельзя! Потому что к тебе придет девочка из тусовки и скажет: а я помню, как была Эллери Ахэ, жила в Лаан Гэлломе и меня убили злые Валар.</p>\r\n<p>— Ну хорошо, — кивает Нарвен, — а с Барти как быть? Сгинь отсюда!</p>\r\n<p>Последняя фраза относится не к нам, а к Люциусу, который вскочил к Нарвен на колени и попытался стянуть со стола кусок печенья. Кошачьего корма им мало?</p>\r\n<p>— А с Барти вот что: в рамках мира его действительно больше не существует. Но у Роулинг описано не все. Есть силы, способные вытащить душу даже после поцелуя дементора.</p>\r\n<p>— У вас в Дайниарте тоже есть дементоры? — спрашивает Нарвен.</p>\r\n<p>— Конечно! — отвечает Мелли. — Дементор — это пустотная элементаль.</p>\r\n<p>Умеет же Мелли такими словами выражаться, что даже я не понимаю! На всякий случай поясняю:</p>\r\n<p>— Пустота, на языке Дайниарта Аррэ, — одна из семи стихий Мироздания. Это сила нейтрализации. Именно нейтрализации, не уничтожения. Есть силы, с помощью которых можно вытащить душу, поглощенную Аррэ.</p>\r\n<p>— Одной из которых владеет наша Эйсет Рассветная, — заканчивает Меллиирис.</p>\r\n<p>— Это уже называется Мэри Сью, — замечает Нарвен, рассеянно гладя забравшегося к ней Северуса. Котенок ведет себя прилично, на печенье и чай не покушается, поэтому его не гонят.</p>\r\n<p>— Если не считать того, что мы это все знали задолго до Роулинг. И пустотных элементалей, и как с ними бороться. У нее все то же самое названо другими словами.</p>\r\n<p>Мелли всегда так авторитетно говорит, что и добавить-то нечего. Тем не менее я добавляю:</p>\r\n<p>— Можно еще и так сказать: независимо от того, есть ли другие миры на самом деле, они существуют, потому что мы в них верим. И персонажи тоже. Они оживают, потому что мы их любим.</p>\r\n<p>— И получается совсем по канону, — подводит итог Нарвен, — главная созидающая сила — это любовь. Мне нравится такая теория.</p>\r\n<p>А мне нравится, что Нарвен устроило хотя бы такое объяснение.</p>\r\n<p>— А Северус тебе нравится? — неожиданно спрашивает Банни. — Ты его берешь?</p>\r\n<p>— Беру, — улыбается Нарвен. — А в него Снейп случайно не вселится?</p>\r\n<p>Банни и Меллиирис переглядываются.</p>\r\n<p>— Ну если вселится, — авторитетно произносит Меллирис, — зови меня. Вытащим.</p>\r\n');
INSERT INTO `fanf` (`ficId`, `title`, `dateWrite`, `datePublish`, `raiting`, `pairing`, `summary`, `note`, `dedication`, `size`, `beta`, `coauthor`, `category`, `text`) VALUES
(19, 'Космическая одиссея', '2014-12-02', 1482338652, 'G', 'Северус Снейп и герои Галактики', 'Шел как-то профессор Снейп по коридору, глядь — а коридор-то Изерлонский!', 'Написано на пародийный фест "Грустные финиши".', '', 4537, NULL, 1, 'Джен', '<p>Шёл я однажды по коридору и вдруг понял, что коридор-то Изерлонский. И не спрашивайте, как я это понял — я, как известно, гений и знаю всё обо всём, а о чём не знаю, о том догадываюсь. Открытие это мне не понравилось — космос же, а там холодно и дышать нечем. Но деваться некуда, иду дальше.</p>\r\n<p>А тут навстречу блондин, такой весь из себя, осанка гордая, глаза наглые. Я ему говорю — здравствуйте, Малфой, вы сделали домашнее задание по зельеварению? Или будете отговариваться, что Темный Лорд все ваши учебники на корм Нагайне извел?</p>\r\n<p>А он мне — какой ещё Тёмный Лорд, у нас теперь все лорды — блондины, под меня красятся.</p>\r\n<p>Представил я себе Темного Лорда блондина, мне аж плохо стало. Пошел я дальше и на что-то натолкнулся. Смотрю — а передо мной ничего нет, только космическое пространство, знать, на него и натолкнулся.</p>\r\n<p>Оглянулся я и вижу — плывёт на меня стая утюгов. Дай, думаю, в сторону отойду, а то ещё ошпарят. Хотя это ведь как посмотреть — может, оно бы и приятно, а то холодно здесь всё же.</p>\r\n<p>Гляжу — в переднем утюге давешний блондин на диване лежит. А ещё говорил, что не Малфой!</p>\r\n<p>А рядом с ним какой-то рыжий. Ну, думаю, что такое случилось, чтобы Малфой и Уизли объединились? Так и не понял, какой именно это Уизли, впрочем, их столько, что всех не упомнишь. И так на Малфоя смотрит, как будто тот его родной брат.</p>\r\n<p>Правду, думаю, блондинчик сказал, нет у них Тёмного Лорда. Тёмный лорд такого безобразия бы не допустил!</p>\r\n<p>Тут смотрю, с другой стороны прут какие-то табуретки. А в передней табуретке вылитый Поттер, только без очков. Но в берете и причёсанный. Вид такой, будто всю ночь домашнее задание по защите от темных искусств делал, да так и не сделал.</p>\r\n<p>А рядом с ним тоже какой-то рыжий. В шарфе, только не гриффиндорском, а так. Задумался я: если Уизли с Малфоем, то кто же с Поттером? А если с Поттером — то кто с Малфоем? А если это другой Уизли, то почему один? Их же двое.</p>\r\n<p>Тут утюги и табуретки начали друг в друга стрелять, я подумал, что не хватало только, чтобы они в меня попали, и закричал: «Сто баллов с Гриффиндора! И десять со Слизерина! Прекратите безобразие, немедленно!».</p>\r\n<p>А Малфой поморщился так и говорит: «Меньше, чем на миллион, не согласен! И не баллов, а солдат противника. Ну и наших чтобы с полмиллиончика, а то не по-джентльменски получится». А Поттер берет снял, затылок почесал и сказал, что он пока поищет исторические прецеденты, а мы чтобы сами договаривались, он человек мирный и вообще историк. Не поверил я ему — я же помню, что он на Истории магии всегда спал крепче всех и всё время будил меня своим храпом!</p>\r\n<p>Тогда я их спросил — а что они, собственно не поделили? Темного Лорда у них все равно нет, а космического пространства на всех хватит, если только на него не натыкаться.</p>\r\n<p>А Малфой мне говорит: «Мы сами не помним, но так положено — отцы наши воевали, деды наши воевали, и мы воевать будем. А иначе зачем такую красивую форму носить? Кому нужны все эти выточки и стразы, как не генералам и адмиралам?»</p>\r\n<p>И он мне ещё будет говорить, что он не Малфой! Вот только павлинов куда-то дел. Наверное, они вакуума не любят.</p>\r\n<p>Я ему говорю: знаете, мистер Малфой, этот вопрос решить просто. Носите чёрное, как я — и проблем не будет. Вон Поттер — дурак дураком, а понимает!</p>\r\n<p>Поттер обиделся на «дурака», достал какой-то толстый том, наверное, учебник истории, и принялся листать. А Малфой говорит: «А переходите на нашу сторону, мы вам красивую форму сошьем, по фигуре, а я назначу вас заместителем Оберштайна. А то, пока он свою собаку кормит, наши действия критиковать некому».</p>\r\n<p>Я как про собаку услышал — сразу отказался. Хватит с меня собак!</p>\r\n<p>Тогда Поттер оторвался от книжки и говорит: «Вы лучше на нашу сторону переходите. Мы за свободу и демократию!»</p>\r\n<p>И форму блестящую, добавляет, у нас носить не надо, со стразиками. Тут уж я задумался. С одной стороны — Поттер, хоть и без очков. А с другой — надоело мне уже в коридоре стоять, холодно там и дышать нечем, впрочем, я об этом уже говорил.</p>\r\n<p>«А собаки у вас нету?» — спросил я на всякий случай. На что Поттер охотно отвечает, что собаки нет, зато есть Юлиан, который хорошо заваривает чай, а ещё умеет варить суп и вообще умница.</p>\r\n<p>Я подумал — раз суп варить умеет, так его, может, и зельеварению обучить удастся? И совсем уже было согласился, как Малфой и говорит: не ходите к ним, у них там флотом журналист командует! Я как Риту Скиттер вспомнил... нет, думаю, такого нам и с приплатой не нать! И пошёл обратно в свой коридор, хогвартский. Там всё же как-то спокойнее... пока Дамблдор не позовёт, конечно. Убить его, что ли?</p>'),
(20, 'Плохо', '2000-02-12', 1488464244, 'G', 'Некий критикан и его жертвы', 'Одни строят, а другие критикуют... Лучше бы первых было побольше, а вторых не было совсем.', '', 'Одному сетевому критикану', 2781, NULL, NULL, 'Джен', '<p>Он построил себе дом — красивый, двухэтажный, с белыми мраморными колоннами. Это было легко. Там, где можно было только представить себе вещь, и она сразу появится — творить было легко. Он восхищался своим домом, он ходил вокруг него, любуясь на стройные стены, он заходил в комнаты и небрежно поправлял какую-нибудь завитушку под потолком, не переставая любоваться внутренней отделкой. Он был доволен своим домом.</p>\r\n<p>Но потом появились другие. И тоже стали строить себе дома. Кто-то лепил себе приземистую хижину, некрасивую, но крепко сделанную, кто-то придумывал одноэтажный тесный, но уютный домик, с крышей, покрытой черепицей, и с печной трубой, а кто-то пытался воздвигать огромные пышные дворцы, которые рушились через несколько минут после их появления. Он был доволен — никто пока еще не смог построить дом лучше него.</p>\r\n<p>Но время шло, люди ходили друг к другу в гости, разговаривали о своих домах и постепенно учились строить все лучше и лучше. А он никуда не ходил и ни с кем не говорил — ведь у него и так самый хороший дом. Ведь он прибыл сюда первым, и никто не посмеет оспаривать у него это право.</p>\r\n<p>Однажды он оправился в путь. Он подходил к владельцу какой-нибудь кривобокой щелястой хижины и говорил ему только одно слово «Плохо». И хижина обваливалась, а человек был вынужден начинать все заново.</p>\r\n<p>Он был горд собой — ведь благодаря его усилиям некрасивых, непрочных домов становится все меньше. Но чем дальше он шел, тем крепче становились хижины, а он все повторял и повторял «плохо», потому что ни один дом не нравился ему так, как свой собственный.</p>\r\n<p>И однажды он увидел удивительный дом, похожий на его, но куда более легкий и изящный. Высокие окна, эркеры, ступени — все было к месту и ничего не резало глаз.</p>\r\n<p>— Плохо! — произнес он.</p>\r\n<p>— Почему плохо? — удивился хозяин дома. — Я придумывал его несколько лет, чтобы было приятно и смотреть на него и жить в нем.</p>\r\n<p>— Плохо! — повторил он. — Я прибыл сюда первым и знаю, как строить дома!</p>\r\n<p>И тогда хозяин дома заплакал и собственными руками сломал его.</p>\r\n<p>Он пошел дальше, и теперь, чтобы он не увидел, неизменно говорил «плохо». И даже дворцы обваливались от его тяжелых слов, а люди избегали встречи с ним и никто больше не спешил принять его в своем доме.</p>\r\n<p>Минуло несколько лет, и он вернулся к собственному дому. Но за годы странствий он не узнал этот дом. Вместо кривобоких хижин вокруг стояли дворцы и особняки, а его дом смотрелся нелепым и смешным, слишком кричащей расцветки и слишком тяжеловесной архитектуры.</p>\r\n<p>— Плохо! — привычно сказал он и дом тут же рухнул.</p>\r\n<p>— Как ты мог? Это же твой собственный дом! — сказали ему собравшиеся вокруг люди.</p>\r\n<p>И тогда он вспомнил и узнал свой дом и попытался создать другой, гораздо лучше. Но ничего у него не получилось. За долгие годы странствий он разучился творить.</p>'),
(21, 'Совпадение?', '2000-10-26', 1488523781, 'G', 'Один любитель фантастики', 'Если реальность развивается по сюжету любимой книги, что делать? ', '', 'Кигаи Юуто и остальным «Х»-овцам', 2980, NULL, NULL, 'Джен', '<p>Он раскрыл газету случайно, вовсе не собираясь просматривать сегодняшние новости, просто от нечего делать, раскрыл — и обомлел. Крупные заголовки с первой страницы вопили о катастрофе где-то на северном острове. Этому можно было посочувствовать, это можно было не заметить, это можно было пережить, но ни для кого это не было таким жестоким потрясением, как для него. Нет, он никогда не жил и не работал на острове, не имел там недвижимости, детей и родственников. Он просто прочитал об этом в книге, написанной пусть не так давно, но тем не менее задолго до этой самой катастрофы. Он был просто без ума от этой книги, он искал в ней ответы на все насущные вопросы, и что самое интересное, находил. Но в книге был плохой конец. В конце книги повествовалось о конце света, и начало этого конца заключалось как раз в катастрофе на одном из северных островов. Рассказывалось о ней неявно, даже как-то незаметно, вскользь, и можно было даже подумать, что ничего особенного не произошло, просто рядовое явление, но чем дальше разыгрывалась страшная драма, тем явственней проступала уверенность, что именно это явление и послужило началом конца. </p>\r\n<p>Он не знал, что ему делать. Он хотел бежать, но не знал куда. Он хотел звать, но не знал, кого. Если все происходит, как в книге, то должны быть и люди, которые там действуют, люди, на которых держится мир, которым могло бы удастся спасение мира, если бы они знали заранее, что их ждет, но где искать этих людей? Он уже мысленно представлял себя одним из героев — насмешливым парнем со спадающей на глаза светлой челкой — но где искать остальных? Даже если он заменит этого парня, как пройти весь тяжелый путь в одиночку? Это невозможно. Пусть он знает, куда идти, но один он не справится. </p>\r\n<p>Он попытался обратиться к друзьям. Но одни не верили ему, другие обращали все в игру, третьим были равнодушны ко всему, что не касалось их непосредственно. </p>\r\n<p>Он говорил: «Смотрите, ведь то, что произошло — первая ступенька на пути к концу. Нам надо объединиться, надо собрать тех, кто неравнодушен к судьбе мира, и кто знает, возможно нам удастся предотвратить неизбежное?». </p>\r\n<p>Ему отвечали: «Что за чушь ты несешь! Фантастика — это фантастика, а реальность — это реальность, книги пишутся для того, чтобы развлечь читателя, а не ради предсказаний. Ничего с нашим миром не случится и не суетись зря, а живи себе в удовольствие!». </p>\r\n<p>А другие говорили и еще хлеще: «Как ты можешь смеяться над человеческим горем! Произошла настоящая катастрофа, погибли люди, а ты связываешь это с какой-то книгой? Как тебе не стыдно!». </p>\r\n<p>Со временем он сам стал сомневаться в своей правоте. Может, действительно, ему все только показалось и он слишком много раз перечитывал книгу? Он успокоился, он перестал надоедать друзьям, он ушел в тень и зажил тихой незаметной жизнью. До того дня, когда он случайно взял в руки вчерашнюю газету и прочитал о новой катастрофе. На сей раз — на юге. Той самой катастрофе, которая по сюжету книги должна была произойти второй. </p>\r\n'),
(22, 'Концепция', '2002-11-21', 1488620850, 'G', 'Мастер игры', 'Мастер игры пишет концепцию своей мастерской группы и не видит, что ее действия противоречат ее словам.', '', 'Неким мастерам некой игры посвящается', 5148, NULL, NULL, 'Джен', '<p>«Наша мастерская группа вот уже два года ставит мистериальные игры по «Сильмариллону». Главная идея наших игр — не просто отыграть какие-либо сцены из книги, а глубже представить себе этот мир, мир, который мы все любим и ценим. При подготовке к игре главное внимание уделяется не владению игровым оружием и красивым костюмам, а пониманию мира Толкина и действующих в игре персонажей. При внимательном прочтении «Сильмариллиона» возникает множество вопросов и при подготовке к игре мы пытаемся найти ответы хотя бы на некоторые из них. Никакая книга не может вместить в себя всего многообразия мира. Мы может только логически достраивать данную нам картину мира, что мы и делаем в своих играх».</p>\r\n<p>— Але! Это ты? Чего тебя так плохо слышно? Да нет, я ничем не занята, концепцию вот к нашей игре пишу. Почему у тебя голос такой? Что случилось? Что значит — «все в порядке»? Я же чувствую, что не все, я же тебя давно знаю. Выкладывай, что случилось! Так... А что Амирин? Как именно она тебя обидела? Ладно, не хочешь, не говори. Я тебе верю. И, честно говоря, давно говорила, что с Амирин вам вместе делать нечего. Ну не нравится она мне. Тебе теперь тоже? Охотно верю. А что Финголфин? Ах да, она же у нас Финголфина играет. И что теперь делать? А может, обойдемся без Финголфина? Время мирное, особо важных решений принимать не надо, и вообще, короля играет свита... Да, я понимаю, что лучше Амирин никто о Финголфине не писал. Мне самой ее тексты очень нравятся. И тексты, и песни. Но лично она мне не нравится. Так что давай обойдемся вообще без Финголфина. Не надо, я сама позвоню ей и скажу. </p>\r\n<p>«При подборе игроков на те или иные роли мы руководствуемся не внешними данными или степенью владения оружием, а глубоким пониманием сущности персонажа. Дело даже не в знании текста — тексты можно всегда достать и прочитать — а именно во внутреннем, духовном соответствии персонажу»</p>\r\n<p>— Але, Наташа? Здравствуй, Амирин. Значит так — мы тут посовещались и решили, что Финголфина у нас на игре не будет. А вот так. Если хочешь — иди техмастером в Хитлум. Что значит «в такую даль ради этого ехать»? Все мы в Нижний Новгород ради этого едем, а некоторые даже не по одному разу, чтобы концепцию до игры подготовить. Значит ради Финголфина ты в Нижний Новгород поедешь, а ради помощи игре не поедешь? Мало ли у кого какие любимые персонажи! В общем, я сказала. Не нравится — делайте свои игры. До свидания. </p>\r\n<p>«Для нас не важен ни ролевой опыт, ни какие-либо личные отношения с мастерами и другими игроками игры — важно только свое понимание персонажа и мира, а также желание вместе над этим пониманием работать. Уже не первый раз, вопросы, поставленные в процессе подготовки к игре становятся темой для серьезный статей.»</p>\r\n<p>— Але!   Привет! Ты не разоришься — второй раз уже из Нижнего звонить? Ну, смотри. Думаешь, что нам Финголфин все-таки нужен? А кто его играть будет? После Амирин за эту роль никто не возьмется. Они же с этим персонажем, как партия и Ленин — близнецы-братья. Я понимаю, что надо звать варяга. Не поняла. Что ты смеешься? Ты имеешь в виду кого-то конкретно? Какого варяга? Ах, Варяга! Погоди, Варяг? Да он же не толкинист вообще! Он же реконструктор!Я знаю, что он вам оружие делал, а вы ему помещение пробивали. Но он же «Сильмариллиона» не читал! Ты ему сама лично прочитаешь? Ага, перед сном, вместо колыбельной. Ну правильно, лучше свой, чем кто-то там со стороны, Амирин вечно такие игровые заморочки придумывает, что мне и не вклиниться даже. Короля играет свита, а в качестве свиты у нас будет выступать Фингон, то есть ты. Что? Что делать с ее компанией? Какой ее компанией? А, Энель и Найрис? Мы их тоже звать не будем. Я знаю, что они очень хотели. Но, во-первых, они же за Амирин грязью в нас швыряться начнут, зачем нам это надо? А во-вторых, они мне и так не нравятся. Найрис посмела написать в своем отчете о нашей последней игре, что я плохо справилась с ролью! Мол, дескать какая я трактирщица, если всю ночь в лагере горячего чая не было! Она на игру играть приехала или чай пить? Я, видите ли, должна всю игру бросить, чтобы каких-то там поить чаем! Она, видите ли, потом с воспалением легких свалилась! Теплее одеваться надо! Понимать надо, что ночью в августе на Волге +25 не бывает! А Энель тоже хороша — думаешь, я не знаю, кого она протащила в своем последнем рассказе? Может быть у меня и есть недостатки, но о них я напишу сама, а не позволю каким-то там, да еще и воровать образы из моих старых вещей! Ну и что, что они в сети опубликованы, все равно не позволю! Вот и правильно. Не надо их к нам на игру. И так у нас народу достаточно — моя компания, твоя компания... Смотри, если тебе Варяговы реконструкторы нравятся, можно и их будет пригласить. Они точно будут делать то, что мы скажем, а не то, что в голову взбредет. Ну ладно, пока тогда, а то совсем разоришься. </p>\r\n<p>«Теперь, после двух сделанных нами игр, я понимаю, почему наша маленькая мастерская группа оказалась столь притягательной для множества игроков. Потому что у нас тепло. Просто по-человечески тепло. И никто не относится к игрокам, как к куклам Барби. Дай Бог, чтобы с ростом профессионализма мы эту человеческую близость не растеряли». </p>\r\n');

-- --------------------------------------------------------

--
-- Структура таблицы `genre`
--

CREATE TABLE IF NOT EXISTS `genre` (
  `genreId` int(11) NOT NULL AUTO_INCREMENT,
  `genreName` varchar(40) NOT NULL,
  PRIMARY KEY (`genreId`)
) ENGINE=InnoDB  DEFAULT CHARSET=utf8 AUTO_INCREMENT=15 ;

--
-- Дамп данных таблицы `genre`
--

INSERT INTO `genre` (`genreId`, `genreName`) VALUES
(1, 'Юмор'),
(2, 'Стеб'),
(3, 'Пародия'),
(4, 'Стихи'),
(5, 'Драма'),
(6, 'Флафф'),
(7, 'Виньетка'),
(8, 'Притча'),
(9, 'AU'),
(10, 'Джен'),
(11, 'Пропущенная сцена'),
(12, 'Романтика'),
(13, 'Ангст'),
(14, 'Кроссовер');

-- --------------------------------------------------------

--
-- Структура таблицы `genre_fanfic`
--

CREATE TABLE IF NOT EXISTS `genre_fanfic` (
  `genreFanficId` int(11) NOT NULL AUTO_INCREMENT,
  `fanficId` int(11) NOT NULL,
  `genreId` int(11) NOT NULL,
  PRIMARY KEY (`genreFanficId`),
  KEY `fanficId` (`fanficId`),
  KEY `genreId` (`genreId`)
) ENGINE=InnoDB  DEFAULT CHARSET=utf8 AUTO_INCREMENT=34 ;

--
-- Дамп данных таблицы `genre_fanfic`
--

INSERT INTO `genre_fanfic` (`genreFanficId`, `fanficId`, `genreId`) VALUES
(1, 1, 10),
(3, 3, 7),
(4, 4, 7),
(5, 4, 8),
(6, 5, 1),
(7, 6, 1),
(8, 7, 7),
(9, 7, 8),
(10, 8, 7),
(11, 8, 8),
(12, 9, 7),
(13, 9, 8),
(14, 10, 1),
(15, 10, 3),
(16, 11, 7),
(17, 11, 8),
(18, 12, 7),
(19, 13, 7),
(20, 13, 8),
(21, 14, 1),
(22, 15, 7),
(23, 16, 7),
(24, 17, 10),
(25, 17, 11),
(26, 18, 10),
(27, 19, 1),
(28, 19, 14),
(30, 20, 8),
(31, 21, 8),
(32, 22, 10),
(33, 2, 1);

-- --------------------------------------------------------

--
-- Структура таблицы `guestbook`
--

CREATE TABLE IF NOT EXISTS `guestbook` (
  `id` int(11) NOT NULL AUTO_INCREMENT,
  `name` varchar(50) NOT NULL,
  `email` varchar(50) NOT NULL,
  `text` text NOT NULL,
  `date` int(11) NOT NULL,
  PRIMARY KEY (`id`)
) ENGINE=InnoDB  DEFAULT CHARSET=utf8 AUTO_INCREMENT=9 ;

--
-- Дамп данных таблицы `guestbook`
--

INSERT INTO `guestbook` (`id`, `name`, `email`, `text`, `date`) VALUES
(1, 'Ассиди', 'assidi@mail.ru', 'Первая запись в гостевой книге. Вот и проверим, как оно работает.', 1488959236),
(2, 'Ассиди', 'assidi@mail.ru', 'Ну вот еще что-нибудь напишем. Пока я залогинена, могу писать, что угодно, а для гостей пока еще не сделала эту возможность. И надо будет капчу еще приспособить.', 1489000549),
(3, 'Ассиди', 'assidi@mail.ru', 'Эту запись я делаю от гостя.', 1489155895),
(4, 'Ассиди', 'assidi@mail.ru', 'Вот сейчас и посмотрим, куда меня переадресует...', 1489155983),
(8, 'Ассиди', 'assidi@mail.ru', 'Ну что, гостевая работает, капча работает, если писать от гостя. По-хорошему, надо еще, если я залогинена, сразу писать мое имя и емейл... но пока что есть еще более актуальные изменения.  ', 1490117677);

-- --------------------------------------------------------

--
-- Структура таблицы `jokes`
--

CREATE TABLE IF NOT EXISTS `jokes` (
  `jokeId` int(11) NOT NULL AUTO_INCREMENT,
  `jokeText` varchar(800) NOT NULL,
  PRIMARY KEY (`jokeId`)
) ENGINE=InnoDB  DEFAULT CHARSET=utf8 AUTO_INCREMENT=92 ;

--
-- Дамп данных таблицы `jokes`
--

INSERT INTO `jokes` (`jokeId`, `jokeText`) VALUES
(1, 'Миссис Хепзиба Смит демонстрирует Тому Риддлу свои сокровища: \n— Этот кубок принадлежал самой Хельге Хаффлпаф и я не продам его, даже если ты будешь угрожать меня изнасиловать! \n— Но я вовсе не собираюсь вас насиловать! \n— А придется!'),
(2, 'На уроке зельеварения Малфой говорит Гарри: \r\n— Поттер, нарежь мне корень имбиря! \r\n— А волшебное слово? \r\n— Империо!'),
(3, 'Люпин выговаривает Сириусу: \n— Сколько раз тебе говорили — будь осторожнее! Тебя и так в Лондоне каждая собака знает!'),
(4, 'Мистер Уизли сетует на то, что в Министерстве Магии, похоже, завелись \r\nприспешники Волдеморта, и не понятно как их вычислить. \r\n— Мы знаем, как тебе помочь, — говорят Фред и Джордж. \r\n— Чем вы можете помочь? — удивляется Артур Уизли. \r\n— У вас завтра заместитель министра Амбридж выступает с речью? Возьми нас с \r\nсобой. А мы там тебе всех и покажем. \r\nМистер Уизли удивился, но сыновей с собой взял. После доклада все начали \r\nрасходиться, Фред и Джордж ему показывают: \r\n— Вот тот, и вот тот. И еще вот этот. \r\n— Но как вы догадались? \r\n— Враг не дремлет!'),
(5, 'На перемене Гарри жалуется Рону и Гермионе: \r\n— У меня опять заболел шрам. К чему бы это? \r\nРон: Да пес его знает! \r\nГермиона: Правильно Рон говорит, тебе надо обязательно посоветоваться с Сириусом!'),
(6, 'Дамблдор представляет Грюма Грозного Глаза: \n— А это наш новый преподаватель по защите от Темных Искусств, профессор Грюм. Он на защите от темных заклятий собаку съел... Гарри, не дергайся ты так, цел твой Сириус, цел!'),
(7, 'После проигранного матча по квиддичу Гарри в больнице говорит Рону: \r\n— Какая жалость, что МакЛаген не стал Пожирателем смерти! \r\n— Почему это? — непонимающе спрашивает Рон?\r\n— Он сначала бы пришиб Волдеморта, демонстрируя ему, как правильно применять «Авада Кедавра», а потом бы его прикончили остальные Пожиратели Смерти.'),
(8, 'Размышления Снейпа: «Хорошо быть двойным агентом! Волдеморту сказать, что я выполняю задание Дамблдора, Дамблдору — что слежу за Волдемортом. А на самом деле — прийти в свой дом в магловском квартале и спать! Ибо достала уже эта война!».'),
(9, 'Просыпается утром Снейп — состояние как после Круциатуса, голова раскалывается, перед глазами зеленые искры... Лихорадочно соображает — так, если сюда войдут авроры, я работаю на Дамблдора и по его приказы шпионю за Волдемортом. А если войдут Упивающиеся Смертью, то я по приказу Волдеморта шпионю за Дамблдором. \r\nДверь открывается и входит ассистент режиссера: \r\n— Ну и надрались же вы вчера, мистер Рикман!'),
(10, 'Идет Артур Уизли по Министерству Магии, видит — идет ему навстречу Мундугнус Флетчер, в руке котел, довольно улыбается — ну не иначе как что-то спер. Артур его остановил, велел показать, что в котле, забрал все ингредиенты для зелий, что там были и прогнал Флетчера восвояси. И все равно еще не оставляла мысль, что Флетчер все-таки что-то да спер. \r\nЧеред несколько дней встречаются они на собрании Ордена Феникса и Артур говорит: \r\n— Мундугнус, скажи, что ты все-таки спер в Министерстве Магии? Дальше меня не пойдет, честное слово! \r\n— Как это что? — ухмыльнулся Флетчер. — Котел я там спер!'),
(11, 'Благополучно уйдя от дементоров, Сириус воскликнул: «Ай да Сириус, ай да сукин сын!».'),
(12, 'Из дневника поттероманки (2005 год): \r\n12 июля. Читала фанфик про Рона и Гермиону. Три часа плакала. \r\n13 июля. Читала фанфик про Малфоя. Полдня плакала. \r\n14 июля. Читала фанфик про детство Волдеморта. Плакала весь день. \r\n15 июля. Читала фанфик про Снейпа. Плакала весь день и всю ночь. Чуть не умерла от слез. \r\n16 июля. Купила шестую книгу. Читаю... \r\n17 июля. Лучше б я в пятницу умерла!'),
(13, 'Врывается Гарри к Дамблдору, страшно взволнованный, растрепанный, глаза горят... \r\n— Профессор Дамблдор! Я точно знаю — профессор Снейп на самом деле работает на Волдеморта! Я случайно подслушал его разговор с Малфоем. Надо немедленно удалить его из Хогвартса, он только притворяется, что на нашей стороне! \r\nДамблдор, спокойно улыбаясь, смотрит на Гарри: \r\n— И что только студенты не придумают, чтобы у Снейпа не учиться...'),
(14, 'Приезжает Невилл Лонгботтом домой на каникулы, весь расстроенный. Встречает его бабушка: \r\n— Что ты такой печальный, внучек? \r\n— Да вот, опять от профессора Снейпа досталось. \r\n— Ну он всегда к тебе придирается, — говорит бабушка и гладит внука по голове. — Что на этот раз случилось? \r\n— Я зелье неправильно сварил, а он заставил меня его выпить... \r\n— Ну ничего внучек, ничего, дома отдохнешь.. — сказала миссис Лонгботтом и погладила Невилла по второй голове.'),
(15, 'Гарри идет по коридору седьмого этажа и натыкается на профессора Трелони. Та начинает вещать: \r\n— Нам грозит ужасное несчастье! Башня, пораженная молнией...\r\n— Профессор Трелони, ну сколько раз просили — не надо спойлеров!'),
(16, 'Гарри укусил оборотень. В больничное крыло приходит к нему Гермиона и утешает: \r\n— Ничего страшного, профессор Люпин давно уже так живет. Перед полнолунием пойдешь к Снейпу, он даст тебе зелье... \r\nГарри, перебивая: \r\n— Нет, к Снейпу я пойду в полнолуние! И безо всякого зелья!'),
(17, 'Дамблдор послал на задание Снейпа и Сириуса (последний для конспирации был в собачьем облике). Возвращаются они на площадь Гриммо 12, их спрашивают, как успехи. Снейп брезгливо отряхивается: \r\n— По мне блохи ползают!\r\nСириус: \r\n— Я больше с тобой никуда не пойду, раз у тебя блохи!'),
(18, 'Чем поттероманка отличается от обычной девушки? \r\nОбычная девушка мечтает о прекрасном принце. А поттероманка — о Принце-Полукровке.'),
(19, 'Фадж (в панике): На Гарри Поттера напали дементоры!\r\nДамблдор (зевая): Ваши дементоры, вы и спасайте!'),
(20, 'После пресс-конференции, посвященной выходу книги «Гарри Поттер и Принц Полукровка» к Джоан Роулинг подошла группа фэнов и попросила ее на два слова. Писательница быстро ретировалась, ибо знала, какими будут эти два слова...'),
(21, 'Гермиона беседует с миссис Уизли: \r\n— Не думаю, что от предписанных Министерством мер предосторожности будет какой-нибудь толк. Есть ли смысл задавать вопросы, ведь если Пожиратель Смерти принял обличье члена семьи, он и ответы может выведать! \r\n— Как раз наоборот! Теперь каждый день, когда Артур возвращается с работы, я спрашиваю, куда он спрятал заначку и он вынужден говорить правду!'),
(22, '— Сколько можно собирать анекдоты по «Гарри Поттеру»? Это же детская книжка! \r\n— Детская книжка? Этого анекдота я еще не слышал!'),
(23, '— Бартемиус Крауч-младший, вы обвиняетесь в том, что пытали авроров Фрэнка и Алису Лонгботтомов заклятием Круциатус!\r\n— Неправда, никаким круциатусом я их не пытал!\r\n— Отчего же тогда они сошли с ума?\r\n— Я просто сказал им, что в переводе Литвиновой их фамилия звучит как «Долгопупс».'),
(24, 'Опрос на поттероманском форуме: \r\n1. Кто ваш любимый персонаж? \r\n2. Почему именно Снейп?'),
(25, 'На конкурсе фанфиков было поставлено условие — чтобы в фике упоминалась древняя магия, Снейп, слэш и была загадка. Первое место занял фик: «Мерлин! — вскричал профессор Снейп. — Я беременный и неизвестно от кого!»'),
(26, 'На потустороннем вокзале Кингс-Кросс встречаются Дамблдор и Сириус. Сириус говорит: \r\n— Профессор, у меня две новости — хорошая и плохая. \r\n— Ну, начинай с плохой. \r\n— Роулинг сказала в интервью, что вы гей! \r\nДамблдор смотрит на Сириуса сквозь очки-половинки: \r\n— А какая хорошая? \r\n— А я — нет!'),
(27, 'Крик души Крауча-старшего:\r\n— Ну какой непонятливый этот Визенгамот! Я им такое обвинительное заключение подготовил, так вину обвиняемого расписал — сам поверил, а они все не верят и не верят!'),
(28, 'Колин Криви, просматривая снимки: Что это такое, зеркалку последней модели купил, а от эффекта красных глаз избавиться не могу!\r\nГарри Поттер: Ты Волдеморта не фотографируй — и избавишься!'),
(29, 'Вузовским учебникам для первого курса можно ставить рейтинг NC-17, а для пятого - NC-21, раньше их все равно никто читать не будет!'),
(30, 'Приходит Лютиэн к Тинголу и Мелиан и говорит:\n— Мама, папа, я должна сказать вам одну важную вещь. Я бере...\n— Что?\n— Я Берена люблю.'),
(31, 'На празднике в Тирионе, стараниями Мелькора, не иначе, в кубок с вином каждому из потомков Финве попала муха.\r\nФеанаро выплеснул вино вместе с мухой в лицо Нолофинвэ.\r\nМайтимо вино выпил, а муху подарил Финдекано.\r\nМакалаурэ вынул муху и, держа ее в руке, сочинил проникновенную поэму. Про вино он забыл.\r\nТьелкормо вино выпил, а муху скормил Хуану.\r\nКуруфинвэ вино выпил, а муху засунул за шиворот Карнистиро.\r\nКарнистиро выпил несколько глотков, а остальное выплеснул за шиворот Куруфинвэ. Уворачиваясь от брата, схватил кубок Макалаурэ и допил его.\r\nАмбаруссар вытащили мух из своих кубков и пустили их летать наперегонки. Пока они этим занимались, Куруфинвэ и Карнистиро выпили их вино.'),
(32, 'Выходит Мелькор из Мандоса после 300 лет заключения и спрашивает Манвэ:\r\n— У вас несчастные случаи в Валиноре были?\r\n— Нет, пока не было...\r\n— Будут!'),
(33, 'После того, как Саурон был повержен, Исилдур сказал Элронду:\r\n— Жаль, что я не захватил с собой веревку и мыло.\r\n— Зачем? — удивился Элронд.\r\n— Мыло — чтобы снять кольцо с пальца Саурона, а веревку — чтобы повесить его себе на шею!'),
(34, 'Арфинги: А Фелагунд смеется в Валиноре...\r\nНолфинги: И это хорошо! Хоть кто-то освободился от проклятья!\r\nФеаноринги: Над кем смеется? Над нами?'),
(35, 'Оптимус Прайм открыл окно. Из окна дуло. Оптимус Прайм закрыл окно, дуло исчезло, Мегатрон упал и разбился.'),
(36, '— А какого глаза нет у Магнуса — левого или правого?\r\n— Нарушит Никейский Эдикт — не будет обоих!'),
(37, 'Стебаться над Несущими Слово — одно удовольствие. А над Детьми Императора — другое!'),
(38, 'Мелисандра Джону Сноу: \r\n— После того, как тебя закололи и ты умер, где ты оказался? Что ты видел? \r\n— Видел толстого бородатого дядьку, который в сердцах сказал: «Достали твои поклонницы! Возвращайся обратно!».'),
(39, 'не вынес волдеморт провала\r\nи разлетелся на куски\r\nкогда вы фильм в тридэ смотрели\r\nв вас тоже есть его хоркрукс'),
(40, 'чего бы в книге не писали\r\nя точно знаю снейп уполз\r\nпусть роулинг напишет снарри\r\nфэндом ведь та еще змея '),
(41, 'я посмотрела на ебее\r\nпо тыще баксов стоит снейп\r\nда лучше за такие деньги\r\nя снейпа вылеплю сама'),
(42, 'в ночи один практичный дачник\r\nангбанда стены уволок\r\nа гондолин закрытый город\r\nего цивилы не нашли'),
(43, 'все в русской классике ужасно\r\nсовсем хороших нет людей\r\nребёнок книжку прочитает\r\nпойдёт старушек убивать'),
(44, 'ушел в отставку доктор хаус\r\nего заменит доктор кто\r\nбольного в тардис покатает\r\nи хвори снимет как рукой'),
(45, 'однажды эрион и фабий\r\nсовместный сделали проект\r\nкуда теперь пристроить орка\r\nсо щупальцами вместо ног'),
(46, 'нашел для опытов собаку\r\nоднажды доктор борменталь\r\nв квартире сириус прижился\r\nа швондер с криком отвалил'),
(47, 'однажды вместо айболита\r\nпоехал хаус в лимпопо\r\nтеперь спокойно могут дети\r\nпо жаркой африке гулять'),
(48, 'на помощь джекилу и хайду\r\nпришел отважный доктор веб\r\nон чистил джекила от хайда\r\nно вышло вдруг наоборот'),
(49, 'нашел однажды гамлет череп\r\nо бедный йорик говорит\r\nтут бэжэдэшники сбежались\r\nкричат за сколько продаешь'),
(50, 'люблю грозу в начале мая\r\nи в середине и в конце\r\nлюблю грозу в любое время\r\nкогда под крышею сижу'),
(51, 'однажды в хогвартс заявился\r\nс собакой вместе оберштайн\r\nсобаку тут же покормили\r\nа на него вниманья ноль'),
(52, 'однажды в хогвартс заявился\r\nискать кристаллы лорд кунсайт\r\nсбежал оттуда с громким криком\r\nнет не малфой я не малфой'),
(53, 'однажды в хогвартс заявился\r\nза чем то важным доктор кто\r\nотныне тардис в министерстве\r\nа доктор неизвестно где'),
(54, 'однажды в хогвартс заявился\r\nсам инквизитор эйзенхорн\r\nего вся школа убеждала\r\nчто дамблдор не еретик'),
(55, 'однажды в хогвартс заявился\r\nпривалов из ниичаво\r\nпросил у поттера совета\r\nкак выбегалло одолеть'),
(56, 'однажды в хогвартс заявилась\r\nстаруха злая шапокляк\r\nно после разговора с амбридж\r\nона решила доброй стать'),
(57, 'народная молва гласила\r\nчто нет на фенрисе волков\r\nно после третьей кружки эля\r\nони кругом кишмя кишат'),
(58, 'как в логге много персонажей\r\nкак тяжело их различать\r\nедва запомнила кирхайса\r\nи вот уж нет его в живых'),
(59, 'летит космический корабль\r\nпохож на сломанный утюг\r\nменя совсем не удивляет\r\nчто в космос не влезает он '),
(60, 'у оберштайна есть собака\r\nу яна вэнли крупный кот\r\nдруг с другом их бы познакомить\r\nглядишь и не было б войны'),
(61, 'обидел лоргара папаша\r\nжестоко веру растоптал\r\nв печали тот ушел в болото\r\nи там наелся демонят'),
(62, 'стремился магнус в гости к папе\r\nпоставил на уши весь варп\r\nпока проламывал барьеры\r\nзабыл о чем хотел сказать'),
(63, 'когда примарх у легиона\r\nдвоится у тебя в глазах\r\nне то ты слишком много выпил\r\nне то здесь альфа легион'),
(64, 'известно всем что на просперо\r\nесть твари жрущие мозги\r\nно руссу и волкам не страшно\r\nу них мозгов в помине нет'),
(65, 'как истинный знаток искусства\r\nфулгрим картины собирал\r\nно как то он перестарался\r\nкартина забрала его'),
(66, 'ангрон знакомился с астартес\r\nпочти без крови обошлось\r\nну уничтожил штук пятнадцать\r\nосталось больше все равно'),
(67, 'когда примарх расстроен чем то\r\nк нему не стоит подходить\r\nприкончит с одного удара\r\nсчитай отделался легко'),
(68, 'ушел на терру император\r\nоставив хорусу всю власть\r\nне любит и не доверяет\r\nдавно пора его убить'),
(69, 'спасти решил ангрона лоргар\r\nему почти что удалось\r\nну получился злобный демон\r\nзато живой и без гвоздей'),
(70, 'силен в теории робаут\r\nа в практике еще сильней\r\nв открытом космосе без шлема\r\nвсех превозмог назло врагам'),
(71, 'кого ты больше всех боишься\r\nспросил у дорна малкадор\r\nтебя сказал примарх угрюмо\r\nкогда советы мне даешь'),
(72, 'за что примарх ультрамаринов\r\nне любит альфа легион\r\nоднажды очень неудачно\r\nпытался их пересчитать'),
(73, 'альфарий я и ты альфарий\r\nи сто альфариев вокруг\r\nу нас в двадцатом легионе\r\nсплошное равенство царит'),
(74, 'сангвиния на сигнус прайме\r\nпытались демоны делить\r\nпока промеж собой ругались\r\nсангвиний взял и превозмог'),
(75, 'снабженцем быть у джагатая\r\nработы хуже не найти\r\nедва доставишь все припасы\r\nа он уже давно не здесь'),
(76, 'построить может пертурабо\r\nкрутой театр за пару дней\r\nно почему дворец свой папа\r\nдоверил дорну укреплять'),
(77, 'как жаль что папа император\r\nне сделал двадцать дочерей\r\nведь бурных девичьих разборок\r\nне выдержит и темный принц'),
(78, 'как мог простой лесной эльфийке\r\nдоверить сына трандуил\r\nа где другую взять невесту\r\nнет больше нолдорских принцесс'),
(79, 'в средневековье рисовали\r\nодин по библии фанарт\r\nпришла эпоха возрождения\r\nа с ней античности фандом'),
(80, 'сидели мирно на оффлайне\r\nи обсуждали новый фик\r\nкуда так быстро убежали\r\nвсе посетители кафе'),
(81, 'прочла подряд пятьсот фанфиков\r\nпотом засела за канон\r\nубогий слог тупые персы\r\nи не видать совсем энцы'),
(82, 'что делал мелькор в ангамандо\r\nпокуда не было войны\r\nбыть может вместе с сауроном\r\nпридумывал он чекэа'),
(83, 'все знают снейп уполз куда то\r\nа рокэ алва улетел\r\nсмеется финрод в валиноре\r\nон никуда не уползал'),
(84, 'я начиталась про бутлеги\r\nтеперь хочу бутлег себя\r\nпускай он ходит на работу\r\nа я все утро буду спать'),
(85, 'люблю весну в начале мая\r\nв конце июня не люблю\r\nа за весной в начале марта\r\nпридется ехать в краснодар'),
(86, 'не нужен нолдор бронепоезд\r\nне утащить его в исход\r\nизобрели бы броненосец\r\nтогда бы не было резни'),
(87, 'у врат менегрота внезапно\r\nлорд макалаурэ запел\r\nего заткнуть пытались братья\r\nи упустили сильмариль'),
(88, 'шел мирно фингон в альквалондэ\r\nи вдруг услышал наших бьют\r\nа разобраться кто тут наши\r\nне получилось в темноте'),
(89, 'я покупаю себе тело\r\nи продаю две пары глаз\r\nя не маньяк не извращенец\r\nя говорю о бэжэдэ'),
(90, 'не вынес волдеморт провала\r\nи разлетелся на куски\r\nкогда вы фильм в три дэ смотрели\r\nв вас тоже есть его хоркрукс'),
(91, 'я посмотрела на ебее\r\nпо тыще баксов стоит снейп\r\nда лучше за такие деньги\r\nя снейпа вылеплю сама');

-- --------------------------------------------------------

--
-- Структура таблицы `news`
--

CREATE TABLE IF NOT EXISTS `news` (
  `id` int(11) NOT NULL AUTO_INCREMENT,
  `date` int(11) NOT NULL,
  `text` text NOT NULL,
  PRIMARY KEY (`id`)
) ENGINE=InnoDB  DEFAULT CHARSET=utf8 AUTO_INCREMENT=2 ;

--
-- Дамп данных таблицы `news`
--

INSERT INTO `news` (`id`, `date`, `text`) VALUES
(1, 1490978230, 'Итак, сайт пока еще в режиме разработки, но уже на большую часть готов. Скоро выложу в сеть и буду сюда писать уже реальные новости :) ');

-- --------------------------------------------------------

--
-- Структура таблицы `pictures`
--

CREATE TABLE IF NOT EXISTS `pictures` (
  `id` int(11) NOT NULL AUTO_INCREMENT,
  `categoryId` int(11) NOT NULL,
  `description` varchar(500) NOT NULL,
  `image` varchar(30) NOT NULL,
  PRIMARY KEY (`id`),
  KEY `categoryId` (`categoryId`)
) ENGINE=InnoDB  DEFAULT CHARSET=utf8 AUTO_INCREMENT=4 ;

--
-- Дамп данных таблицы `pictures`
--

INSERT INTO `pictures` (`id`, `categoryId`, `description`, `image`) VALUES
(1, 1, 'Приход нолдор к воротам Ангамандо.', 'noldor.jpg'),
(2, 1, 'Аэгнор и Андрет', 'aegnor_andret.jpg'),
(3, 4, 'Гарри, Рон и Гермиона видят Черную Метку в лесу после чемпионата по квиддичу', 'metka.jpg');

-- --------------------------------------------------------

--
-- Структура таблицы `tags_posts`
--

CREATE TABLE IF NOT EXISTS `tags_posts` (
  `id` int(11) NOT NULL AUTO_INCREMENT,
  `tagId` int(11) NOT NULL,
  `postId` int(11) NOT NULL,
  PRIMARY KEY (`id`),
  KEY `tagId` (`tagId`,`postId`),
  KEY `postId` (`postId`),
  KEY `postId_2` (`postId`),
  KEY `postId_3` (`postId`)
) ENGINE=InnoDB  DEFAULT CHARSET=utf8 AUTO_INCREMENT=24 ;

--
-- Дамп данных таблицы `tags_posts`
--

INSERT INTO `tags_posts` (`id`, `tagId`, `postId`) VALUES
(1, 1, 1),
(18, 1, 7),
(16, 1, 9),
(21, 1, 10),
(22, 1, 11),
(23, 1, 12),
(5, 2, 4),
(19, 2, 7),
(17, 2, 9),
(4, 3, 4);

--
-- Ограничения внешнего ключа сохраненных таблиц
--

--
-- Ограничения внешнего ключа таблицы `blog_comments`
--
ALTER TABLE `blog_comments`
  ADD CONSTRAINT `blog_comments_ibfk_1` FOREIGN KEY (`postId`) REFERENCES `blog` (`postId`);

--
-- Ограничения внешнего ключа таблицы `characters`
--
ALTER TABLE `characters`
  ADD CONSTRAINT `characters_ibfk_1` FOREIGN KEY (`fandomId`) REFERENCES `fandoms` (`fandomId`);

--
-- Ограничения внешнего ключа таблицы `characters_fanfics`
--
ALTER TABLE `characters_fanfics`
  ADD CONSTRAINT `characters_fanfics_ibfk_1` FOREIGN KEY (`fanficId`) REFERENCES `fanf` (`ficId`),
  ADD CONSTRAINT `characters_fanfics_ibfk_2` FOREIGN KEY (`characterId`) REFERENCES `characters` (`characterId`);

--
-- Ограничения внешнего ключа таблицы `comments`
--
ALTER TABLE `comments`
  ADD CONSTRAINT `comments_ibfk_1` FOREIGN KEY (`fanficId`) REFERENCES `fanf` (`ficId`);

--
-- Ограничения внешнего ключа таблицы `fandoms_fanfics`
--
ALTER TABLE `fandoms_fanfics`
  ADD CONSTRAINT `fandoms_fanfics_ibfk_1` FOREIGN KEY (`fanficId`) REFERENCES `fanf` (`ficId`),
  ADD CONSTRAINT `fandoms_fanfics_ibfk_2` FOREIGN KEY (`fandomId`) REFERENCES `fandoms` (`fandomId`);

--
-- Ограничения внешнего ключа таблицы `fanf`
--
ALTER TABLE `fanf`
  ADD CONSTRAINT `fanf_ibfk_1` FOREIGN KEY (`beta`) REFERENCES `beta` (`betaId`) ON DELETE NO ACTION ON UPDATE NO ACTION,
  ADD CONSTRAINT `fanf_ibfk_3` FOREIGN KEY (`coauthor`) REFERENCES `coauthor` (`coauthorId`) ON DELETE NO ACTION ON UPDATE NO ACTION;

--
-- Ограничения внешнего ключа таблицы `genre_fanfic`
--
ALTER TABLE `genre_fanfic`
  ADD CONSTRAINT `genre_fanfic_ibfk_1` FOREIGN KEY (`fanficId`) REFERENCES `fanf` (`ficId`),
  ADD CONSTRAINT `genre_fanfic_ibfk_2` FOREIGN KEY (`genreId`) REFERENCES `genre` (`genreId`);

--
-- Ограничения внешнего ключа таблицы `pictures`
--
ALTER TABLE `pictures`
  ADD CONSTRAINT `pictures_ibfk_1` FOREIGN KEY (`categoryId`) REFERENCES `categories` (`id`) ON DELETE NO ACTION ON UPDATE NO ACTION;

--
-- Ограничения внешнего ключа таблицы `tags_posts`
--
ALTER TABLE `tags_posts`
  ADD CONSTRAINT `tags_posts_ibfk_1` FOREIGN KEY (`tagId`) REFERENCES `blog_tags` (`tagId`),
  ADD CONSTRAINT `tags_posts_ibfk_3` FOREIGN KEY (`postId`) REFERENCES `blog` (`postId`) ON DELETE CASCADE ON UPDATE CASCADE;

/*!40101 SET CHARACTER_SET_CLIENT=@OLD_CHARACTER_SET_CLIENT */;
/*!40101 SET CHARACTER_SET_RESULTS=@OLD_CHARACTER_SET_RESULTS */;
/*!40101 SET COLLATION_CONNECTION=@OLD_COLLATION_CONNECTION */;
